scenario,step,block_length,true_daily_variance,log_variance_error,forecast_daily_variance,weight,annualized_risk_proxy,target_annual_vol,risk_overshoot,qlike,squared_log_variance_error,risk_tracking_squared_error,turnover,cumulative_turnover
alternating,0,1,0.00010958904109589041,-0.4,7.345973107239883e-05,0.9160520686201272,0.18321041372402547,0.15,True,0.09182469764127033,0.16000000000000003,0.0011029315797209394,0.9160520686201272,0.9160520686201272
alternating,1,1,0.00010958904109589041,0.4,0.00016348763809767347,0.6140480648084863,0.12280961296169726,0.15,False,0.0703200460356393,0.16000000000000003,0.0007393171472927012,0.30200400381164094,1.2180560724317682
alternating,2,1,0.00010958904109589041,-0.4,7.345973107239883e-05,0.9160520686201272,0.18321041372402547,0.15,True,0.09182469764127033,0.16000000000000003,0.0011029315797209394,0.30200400381164094,1.520060076243409
alternating,3,1,0.00010958904109589041,0.4,0.00016348763809767347,0.6140480648084863,0.12280961296169726,0.15,False,0.0703200460356393,0.16000000000000003,0.0007393171472927012,0.30200400381164094,1.82206408005505
alternating,4,1,0.00010958904109589041,-0.4,7.345973107239883e-05,0.9160520686201272,0.18321041372402547,0.15,True,0.09182469764127033,0.16000000000000003,0.0011029315797209394,0.30200400381164094,2.1240680838666908
alternating,5,1,0.00010958904109589041,0.4,0.00016348763809767347,0.6140480648084863,0.12280961296169726,0.15,False,0.0703200460356393,0.16000000000000003,0.0007393171472927012,0.30200400381164094,2.4260720876783317
alternating,6,1,0.00010958904109589041,-0.4,7.345973107239883e-05,0.9160520686201272,0.18321041372402547,0.15,True,0.09182469764127033,0.16000000000000003,0.0011029315797209394,0.30200400381164094,2.7280760914899727
alternating,7,1,0.00010958904109589041,0.4,0.00016348763809767347,0.6140480648084863,0.12280961296169726,0.15,False,0.0703200460356393,0.16000000000000003,0.0007393171472927012,0.30200400381164094,3.0300800953016136
alternating,8,1,0.00010958904109589041,-0.4,7.345973107239883e-05,0.9160520686201272,0.18321041372402547,0.15,True,0.09182469764127033,0.16000000000000003,0.0011029315797209394,0.30200400381164094,3.3320840991132545
alternating,9,1,0.00010958904109589041,0.4,0.00016348763809767347,0.6140480648084863,0.12280961296169726,0.15,False,0.0703200460356393,0.16000000000000003,0.0007393171472927012,0.30200400381164094,3.6340881029248955
alternating,10,1,0.00010958904109589041,-0.4,7.345973107239883e-05,0.9160520686201272,0.18321041372402547,0.15,True,0.09182469764127033,0.16000000000000003,0.0011029315797209394,0.30200400381164094,3.9360921067365364
alternating,11,1,0.00010958904109589041,0.4,0.00016348763809767347,0.6140480648084863,0.12280961296169726,0.15,False,0.0703200460356393,0.16000000000000003,0.0007393171472927012,0.30200400381164094,4.238096110548177
alternating,12,1,0.00010958904109589041,-0.4,7.345973107239883e-05,0.9160520686201272,0.18321041372402547,0.15,True,0.09182469764127033,0.16000000000000003,0.0011029315797209394,0.30200400381164094,4.540100114359818
alternating,13,1,0.00010958904109589041,0.4,0.00016348763809767347,0.6140480648084863,0.12280961296169726,0.15,False,0.0703200460356393,0.16000000000000003,0.0007393171472927012,0.30200400381164094,4.842104118171459
alternating,14,1,0.00010958904109589041,-0.4,7.345973107239883e-05,0.9160520686201272,0.18321041372402547,0.15,True,0.09182469764127033,0.16000000000000003,0.0011029315797209394,0.30200400381164094,5.1441081219831
alternating,15,1,0.00010958904109589041,0.4,0.00016348763809767347,0.6140480648084863,0.12280961296169726,0.15,False,0.0703200460356393,0.16000000000000003,0.0007393171472927012,0.30200400381164094,5.446112125794741
alternating,16,1,0.00010958904109589041,-0.4,7.345973107239883e-05,0.9160520686201272,0.18321041372402547,0.15,True,0.09182469764127033,0.16000000000000003,0.0011029315797209394,0.30200400381164094,5.748116129606382
alternating,17,1,0.00010958904109589041,0.4,0.00016348763809767347,0.6140480648084863,0.12280961296169726,0.15,False,0.0703200460356393,0.16000000000000003,0.0007393171472927012,0.30200400381164094,6.050120133418023
alternating,18,1,0.00010958904109589041,-0.4,7.345973107239883e-05,0.9160520686201272,0.18321041372402547,0.15,True,0.09182469764127033,0.16000000000000003,0.0011029315797209394,0.30200400381164094,6.352124137229664
alternating,19,1,0.00010958904109589041,0.4,0.00016348763809767347,0.6140480648084863,0.12280961296169726,0.15,False,0.0703200460356393,0.16000000000000003,0.0007393171472927012,0.30200400381164094,6.654128141041305
alternating,20,1,0.00010958904109589041,-0.4,7.345973107239883e-05,0.9160520686201272,0.18321041372402547,0.15,True,0.09182469764127033,0.16000000000000003,0.0011029315797209394,0.30200400381164094,6.956132144852946
alternating,21,1,0.00010958904109589041,0.4,0.00016348763809767347,0.6140480648084863,0.12280961296169726,0.15,False,0.0703200460356393,0.16000000000000003,0.0007393171472927012,0.30200400381164094,7.258136148664587
alternating,22,1,0.00010958904109589041,-0.4,7.345973107239883e-05,0.9160520686201272,0.18321041372402547,0.15,True,0.09182469764127033,0.16000000000000003,0.0011029315797209394,0.30200400381164094,7.560140152476228
alternating,23,1,0.00010958904109589041,0.4,0.00016348763809767347,0.6140480648084863,0.12280961296169726,0.15,False,0.0703200460356393,0.16000000000000003,0.0007393171472927012,0.30200400381164094,7.862144156287869
alternating,24,1,0.00010958904109589041,-0.4,7.345973107239883e-05,0.9160520686201272,0.18321041372402547,0.15,True,0.09182469764127033,0.16000000000000003,0.0011029315797209394,0.30200400381164094,8.16414816009951
alternating,25,1,0.00010958904109589041,0.4,0.00016348763809767347,0.6140480648084863,0.12280961296169726,0.15,False,0.0703200460356393,0.16000000000000003,0.0007393171472927012,0.30200400381164094,8.46615216391115
alternating,26,1,0.00010958904109589041,-0.4,7.345973107239883e-05,0.9160520686201272,0.18321041372402547,0.15,True,0.09182469764127033,0.16000000000000003,0.0011029315797209394,0.30200400381164094,8.768156167722791
alternating,27,1,0.00010958904109589041,0.4,0.00016348763809767347,0.6140480648084863,0.12280961296169726,0.15,False,0.0703200460356393,0.16000000000000003,0.0007393171472927012,0.30200400381164094,9.070160171534432
alternating,28,1,0.00010958904109589041,-0.4,7.345973107239883e-05,0.9160520686201272,0.18321041372402547,0.15,True,0.09182469764127033,0.16000000000000003,0.0011029315797209394,0.30200400381164094,9.372164175346073
alternating,29,1,0.00010958904109589041,0.4,0.00016348763809767347,0.6140480648084863,0.12280961296169726,0.15,False,0.0703200460356393,0.16000000000000003,0.0007393171472927012,0.30200400381164094,9.674168179157714
alternating,30,1,0.00010958904109589041,-0.4,7.345973107239883e-05,0.9160520686201272,0.18321041372402547,0.15,True,0.09182469764127033,0.16000000000000003,0.0011029315797209394,0.30200400381164094,9.976172182969355
alternating,31,1,0.00010958904109589041,0.4,0.00016348763809767347,0.6140480648084863,0.12280961296169726,0.15,False,0.0703200460356393,0.16000000000000003,0.0007393171472927012,0.30200400381164094,10.278176186780996
alternating,32,1,0.00010958904109589041,-0.4,7.345973107239883e-05,0.9160520686201272,0.18321041372402547,0.15,True,0.09182469764127033,0.16000000000000003,0.0011029315797209394,0.30200400381164094,10.580180190592637
alternating,33,1,0.00010958904109589041,0.4,0.00016348763809767347,0.6140480648084863,0.12280961296169726,0.15,False,0.0703200460356393,0.16000000000000003,0.0007393171472927012,0.30200400381164094,10.882184194404278
alternating,34,1,0.00010958904109589041,-0.4,7.345973107239883e-05,0.9160520686201272,0.18321041372402547,0.15,True,0.09182469764127033,0.16000000000000003,0.0011029315797209394,0.30200400381164094,11.184188198215919
alternating,35,1,0.00010958904109589041,0.4,0.00016348763809767347,0.6140480648084863,0.12280961296169726,0.15,False,0.0703200460356393,0.16000000000000003,0.0007393171472927012,0.30200400381164094,11.48619220202756
alternating,36,1,0.00010958904109589041,-0.4,7.345973107239883e-05,0.9160520686201272,0.18321041372402547,0.15,True,0.09182469764127033,0.16000000000000003,0.0011029315797209394,0.30200400381164094,11.788196205839201
alternating,37,1,0.00010958904109589041,0.4,0.00016348763809767347,0.6140480648084863,0.12280961296169726,0.15,False,0.0703200460356393,0.16000000000000003,0.0007393171472927012,0.30200400381164094,12.090200209650842
alternating,38,1,0.00010958904109589041,-0.4,7.345973107239883e-05,0.9160520686201272,0.18321041372402547,0.15,True,0.09182469764127033,0.16000000000000003,0.0011029315797209394,0.30200400381164094,12.392204213462483
alternating,39,1,0.00010958904109589041,0.4,0.00016348763809767347,0.6140480648084863,0.12280961296169726,0.15,False,0.0703200460356393,0.16000000000000003,0.0007393171472927012,0.30200400381164094,12.694208217274124
alternating,40,1,0.00010958904109589041,-0.4,7.345973107239883e-05,0.9160520686201272,0.18321041372402547,0.15,True,0.09182469764127033,0.16000000000000003,0.0011029315797209394,0.30200400381164094,12.996212221085765
alternating,41,1,0.00010958904109589041,0.4,0.00016348763809767347,0.6140480648084863,0.12280961296169726,0.15,False,0.0703200460356393,0.16000000000000003,0.0007393171472927012,0.30200400381164094,13.298216224897406
alternating,42,1,0.00010958904109589041,-0.4,7.345973107239883e-05,0.9160520686201272,0.18321041372402547,0.15,True,0.09182469764127033,0.16000000000000003,0.0011029315797209394,0.30200400381164094,13.600220228709047
alternating,43,1,0.00010958904109589041,0.4,0.00016348763809767347,0.6140480648084863,0.12280961296169726,0.15,False,0.0703200460356393,0.16000000000000003,0.0007393171472927012,0.30200400381164094,13.902224232520688
alternating,44,1,0.00010958904109589041,-0.4,7.345973107239883e-05,0.9160520686201272,0.18321041372402547,0.15,True,0.09182469764127033,0.16000000000000003,0.0011029315797209394,0.30200400381164094,14.204228236332328
alternating,45,1,0.00010958904109589041,0.4,0.00016348763809767347,0.6140480648084863,0.12280961296169726,0.15,False,0.0703200460356393,0.16000000000000003,0.0007393171472927012,0.30200400381164094,14.50623224014397
alternating,46,1,0.00010958904109589041,-0.4,7.345973107239883e-05,0.9160520686201272,0.18321041372402547,0.15,True,0.09182469764127033,0.16000000000000003,0.0011029315797209394,0.30200400381164094,14.80823624395561
alternating,47,1,0.00010958904109589041,0.4,0.00016348763809767347,0.6140480648084863,0.12280961296169726,0.15,False,0.0703200460356393,0.16000000000000003,0.0007393171472927012,0.30200400381164094,15.110240247767251
alternating,48,1,0.00010958904109589041,-0.4,7.345973107239883e-05,0.9160520686201272,0.18321041372402547,0.15,True,0.09182469764127033,0.16000000000000003,0.0011029315797209394,0.30200400381164094,15.412244251578892
alternating,49,1,0.00010958904109589041,0.4,0.00016348763809767347,0.6140480648084863,0.12280961296169726,0.15,False,0.0703200460356393,0.16000000000000003,0.0007393171472927012,0.30200400381164094,15.714248255390533
alternating,50,1,0.00010958904109589041,-0.4,7.345973107239883e-05,0.9160520686201272,0.18321041372402547,0.15,True,0.09182469764127033,0.16000000000000003,0.0011029315797209394,0.30200400381164094,16.016252259202176
alternating,51,1,0.00010958904109589041,0.4,0.00016348763809767347,0.6140480648084863,0.12280961296169726,0.15,False,0.0703200460356393,0.16000000000000003,0.0007393171472927012,0.30200400381164094,16.318256263013815
alternating,52,1,0.00010958904109589041,-0.4,7.345973107239883e-05,0.9160520686201272,0.18321041372402547,0.15,True,0.09182469764127033,0.16000000000000003,0.0011029315797209394,0.30200400381164094,16.620260266825454
alternating,53,1,0.00010958904109589041,0.4,0.00016348763809767347,0.6140480648084863,0.12280961296169726,0.15,False,0.0703200460356393,0.16000000000000003,0.0007393171472927012,0.30200400381164094,16.922264270637093
alternating,54,1,0.00010958904109589041,-0.4,7.345973107239883e-05,0.9160520686201272,0.18321041372402547,0.15,True,0.09182469764127033,0.16000000000000003,0.0011029315797209394,0.30200400381164094,17.224268274448733
alternating,55,1,0.00010958904109589041,0.4,0.00016348763809767347,0.6140480648084863,0.12280961296169726,0.15,False,0.0703200460356393,0.16000000000000003,0.0007393171472927012,0.30200400381164094,17.52627227826037
alternating,56,1,0.00010958904109589041,-0.4,7.345973107239883e-05,0.9160520686201272,0.18321041372402547,0.15,True,0.09182469764127033,0.16000000000000003,0.0011029315797209394,0.30200400381164094,17.82827628207201
alternating,57,1,0.00010958904109589041,0.4,0.00016348763809767347,0.6140480648084863,0.12280961296169726,0.15,False,0.0703200460356393,0.16000000000000003,0.0007393171472927012,0.30200400381164094,18.13028028588365
alternating,58,1,0.00010958904109589041,-0.4,7.345973107239883e-05,0.9160520686201272,0.18321041372402547,0.15,True,0.09182469764127033,0.16000000000000003,0.0011029315797209394,0.30200400381164094,18.43228428969529
alternating,59,1,0.00010958904109589041,0.4,0.00016348763809767347,0.6140480648084863,0.12280961296169726,0.15,False,0.0703200460356393,0.16000000000000003,0.0007393171472927012,0.30200400381164094,18.73428829350693
alternating,60,1,0.00010958904109589041,-0.4,7.345973107239883e-05,0.9160520686201272,0.18321041372402547,0.15,True,0.09182469764127033,0.16000000000000003,0.0011029315797209394,0.30200400381164094,19.036292297318568
alternating,61,1,0.00010958904109589041,0.4,0.00016348763809767347,0.6140480648084863,0.12280961296169726,0.15,False,0.0703200460356393,0.16000000000000003,0.0007393171472927012,0.30200400381164094,19.338296301130207
alternating,62,1,0.00010958904109589041,-0.4,7.345973107239883e-05,0.9160520686201272,0.18321041372402547,0.15,True,0.09182469764127033,0.16000000000000003,0.0011029315797209394,0.30200400381164094,19.640300304941846
alternating,63,1,0.00010958904109589041,0.4,0.00016348763809767347,0.6140480648084863,0.12280961296169726,0.15,False,0.0703200460356393,0.16000000000000003,0.0007393171472927012,0.30200400381164094,19.942304308753485
alternating,64,1,0.00010958904109589041,-0.4,7.345973107239883e-05,0.9160520686201272,0.18321041372402547,0.15,True,0.09182469764127033,0.16000000000000003,0.0011029315797209394,0.30200400381164094,20.244308312565124
alternating,65,1,0.00010958904109589041,0.4,0.00016348763809767347,0.6140480648084863,0.12280961296169726,0.15,False,0.0703200460356393,0.16000000000000003,0.0007393171472927012,0.30200400381164094,20.546312316376763
alternating,66,1,0.00010958904109589041,-0.4,7.345973107239883e-05,0.9160520686201272,0.18321041372402547,0.15,True,0.09182469764127033,0.16000000000000003,0.0011029315797209394,0.30200400381164094,20.848316320188403
alternating,67,1,0.00010958904109589041,0.4,0.00016348763809767347,0.6140480648084863,0.12280961296169726,0.15,False,0.0703200460356393,0.16000000000000003,0.0007393171472927012,0.30200400381164094,21.15032032400004
alternating,68,1,0.00010958904109589041,-0.4,7.345973107239883e-05,0.9160520686201272,0.18321041372402547,0.15,True,0.09182469764127033,0.16000000000000003,0.0011029315797209394,0.30200400381164094,21.45232432781168
alternating,69,1,0.00010958904109589041,0.4,0.00016348763809767347,0.6140480648084863,0.12280961296169726,0.15,False,0.0703200460356393,0.16000000000000003,0.0007393171472927012,0.30200400381164094,21.75432833162332
alternating,70,1,0.00010958904109589041,-0.4,7.345973107239883e-05,0.9160520686201272,0.18321041372402547,0.15,True,0.09182469764127033,0.16000000000000003,0.0011029315797209394,0.30200400381164094,22.05633233543496
alternating,71,1,0.00010958904109589041,0.4,0.00016348763809767347,0.6140480648084863,0.12280961296169726,0.15,False,0.0703200460356393,0.16000000000000003,0.0007393171472927012,0.30200400381164094,22.3583363392466
alternating,72,1,0.00010958904109589041,-0.4,7.345973107239883e-05,0.9160520686201272,0.18321041372402547,0.15,True,0.09182469764127033,0.16000000000000003,0.0011029315797209394,0.30200400381164094,22.660340343058238
alternating,73,1,0.00010958904109589041,0.4,0.00016348763809767347,0.6140480648084863,0.12280961296169726,0.15,False,0.0703200460356393,0.16000000000000003,0.0007393171472927012,0.30200400381164094,22.962344346869877
alternating,74,1,0.00010958904109589041,-0.4,7.345973107239883e-05,0.9160520686201272,0.18321041372402547,0.15,True,0.09182469764127033,0.16000000000000003,0.0011029315797209394,0.30200400381164094,23.264348350681516
alternating,75,1,0.00010958904109589041,0.4,0.00016348763809767347,0.6140480648084863,0.12280961296169726,0.15,False,0.0703200460356393,0.16000000000000003,0.0007393171472927012,0.30200400381164094,23.566352354493155
alternating,76,1,0.00010958904109589041,-0.4,7.345973107239883e-05,0.9160520686201272,0.18321041372402547,0.15,True,0.09182469764127033,0.16000000000000003,0.0011029315797209394,0.30200400381164094,23.868356358304794
alternating,77,1,0.00010958904109589041,0.4,0.00016348763809767347,0.6140480648084863,0.12280961296169726,0.15,False,0.0703200460356393,0.16000000000000003,0.0007393171472927012,0.30200400381164094,24.170360362116433
alternating,78,1,0.00010958904109589041,-0.4,7.345973107239883e-05,0.9160520686201272,0.18321041372402547,0.15,True,0.09182469764127033,0.16000000000000003,0.0011029315797209394,0.30200400381164094,24.472364365928073
alternating,79,1,0.00010958904109589041,0.4,0.00016348763809767347,0.6140480648084863,0.12280961296169726,0.15,False,0.0703200460356393,0.16000000000000003,0.0007393171472927012,0.30200400381164094,24.77436836973971
alternating,80,1,0.00010958904109589041,-0.4,7.345973107239883e-05,0.9160520686201272,0.18321041372402547,0.15,True,0.09182469764127033,0.16000000000000003,0.0011029315797209394,0.30200400381164094,25.07637237355135
alternating,81,1,0.00010958904109589041,0.4,0.00016348763809767347,0.6140480648084863,0.12280961296169726,0.15,False,0.0703200460356393,0.16000000000000003,0.0007393171472927012,0.30200400381164094,25.37837637736299
alternating,82,1,0.00010958904109589041,-0.4,7.345973107239883e-05,0.9160520686201272,0.18321041372402547,0.15,True,0.09182469764127033,0.16000000000000003,0.0011029315797209394,0.30200400381164094,25.68038038117463
alternating,83,1,0.00010958904109589041,0.4,0.00016348763809767347,0.6140480648084863,0.12280961296169726,0.15,False,0.0703200460356393,0.16000000000000003,0.0007393171472927012,0.30200400381164094,25.98238438498627
alternating,84,1,0.00010958904109589041,-0.4,7.345973107239883e-05,0.9160520686201272,0.18321041372402547,0.15,True,0.09182469764127033,0.16000000000000003,0.0011029315797209394,0.30200400381164094,26.284388388797908
alternating,85,1,0.00010958904109589041,0.4,0.00016348763809767347,0.6140480648084863,0.12280961296169726,0.15,False,0.0703200460356393,0.16000000000000003,0.0007393171472927012,0.30200400381164094,26.586392392609547
alternating,86,1,0.00010958904109589041,-0.4,7.345973107239883e-05,0.9160520686201272,0.18321041372402547,0.15,True,0.09182469764127033,0.16000000000000003,0.0011029315797209394,0.30200400381164094,26.888396396421186
alternating,87,1,0.00010958904109589041,0.4,0.00016348763809767347,0.6140480648084863,0.12280961296169726,0.15,False,0.0703200460356393,0.16000000000000003,0.0007393171472927012,0.30200400381164094,27.190400400232825
alternating,88,1,0.00010958904109589041,-0.4,7.345973107239883e-05,0.9160520686201272,0.18321041372402547,0.15,True,0.09182469764127033,0.16000000000000003,0.0011029315797209394,0.30200400381164094,27.492404404044464
alternating,89,1,0.00010958904109589041,0.4,0.00016348763809767347,0.6140480648084863,0.12280961296169726,0.15,False,0.0703200460356393,0.16000000000000003,0.0007393171472927012,0.30200400381164094,27.794408407856103
alternating,90,1,0.00010958904109589041,-0.4,7.345973107239883e-05,0.9160520686201272,0.18321041372402547,0.15,True,0.09182469764127033,0.16000000000000003,0.0011029315797209394,0.30200400381164094,28.096412411667743
alternating,91,1,0.00010958904109589041,0.4,0.00016348763809767347,0.6140480648084863,0.12280961296169726,0.15,False,0.0703200460356393,0.16000000000000003,0.0007393171472927012,0.30200400381164094,28.39841641547938
alternating,92,1,0.00010958904109589041,-0.4,7.345973107239883e-05,0.9160520686201272,0.18321041372402547,0.15,True,0.09182469764127033,0.16000000000000003,0.0011029315797209394,0.30200400381164094,28.70042041929102
alternating,93,1,0.00010958904109589041,0.4,0.00016348763809767347,0.6140480648084863,0.12280961296169726,0.15,False,0.0703200460356393,0.16000000000000003,0.0007393171472927012,0.30200400381164094,29.00242442310266
alternating,94,1,0.00010958904109589041,-0.4,7.345973107239883e-05,0.9160520686201272,0.18321041372402547,0.15,True,0.09182469764127033,0.16000000000000003,0.0011029315797209394,0.30200400381164094,29.3044284269143
alternating,95,1,0.00010958904109589041,0.4,0.00016348763809767347,0.6140480648084863,0.12280961296169726,0.15,False,0.0703200460356393,0.16000000000000003,0.0007393171472927012,0.30200400381164094,29.60643243072594
alternating,96,1,0.00010958904109589041,-0.4,7.345973107239883e-05,0.9160520686201272,0.18321041372402547,0.15,True,0.09182469764127033,0.16000000000000003,0.0011029315797209394,0.30200400381164094,29.908436434537577
alternating,97,1,0.00010958904109589041,0.4,0.00016348763809767347,0.6140480648084863,0.12280961296169726,0.15,False,0.0703200460356393,0.16000000000000003,0.0007393171472927012,0.30200400381164094,30.210440438349217
alternating,98,1,0.00010958904109589041,-0.4,7.345973107239883e-05,0.9160520686201272,0.18321041372402547,0.15,True,0.09182469764127033,0.16000000000000003,0.0011029315797209394,0.30200400381164094,30.512444442160856
alternating,99,1,0.00010958904109589041,0.4,0.00016348763809767347,0.6140480648084863,0.12280961296169726,0.15,False,0.0703200460356393,0.16000000000000003,0.0007393171472927012,0.30200400381164094,30.814448445972495
alternating,100,1,0.00010958904109589041,-0.4,7.345973107239883e-05,0.9160520686201272,0.18321041372402547,0.15,True,0.09182469764127033,0.16000000000000003,0.0011029315797209394,0.30200400381164094,31.116452449784134
alternating,101,1,0.00010958904109589041,0.4,0.00016348763809767347,0.6140480648084863,0.12280961296169726,0.15,False,0.0703200460356393,0.16000000000000003,0.0007393171472927012,0.30200400381164094,31.418456453595773
alternating,102,1,0.00010958904109589041,-0.4,7.345973107239883e-05,0.9160520686201272,0.18321041372402547,0.15,True,0.09182469764127033,0.16000000000000003,0.0011029315797209394,0.30200400381164094,31.720460457407412
alternating,103,1,0.00010958904109589041,0.4,0.00016348763809767347,0.6140480648084863,0.12280961296169726,0.15,False,0.0703200460356393,0.16000000000000003,0.0007393171472927012,0.30200400381164094,32.02246446121905
alternating,104,1,0.00010958904109589041,-0.4,7.345973107239883e-05,0.9160520686201272,0.18321041372402547,0.15,True,0.09182469764127033,0.16000000000000003,0.0011029315797209394,0.30200400381164094,32.32446846503069
alternating,105,1,0.00010958904109589041,0.4,0.00016348763809767347,0.6140480648084863,0.12280961296169726,0.15,False,0.0703200460356393,0.16000000000000003,0.0007393171472927012,0.30200400381164094,32.62647246884233
alternating,106,1,0.00010958904109589041,-0.4,7.345973107239883e-05,0.9160520686201272,0.18321041372402547,0.15,True,0.09182469764127033,0.16000000000000003,0.0011029315797209394,0.30200400381164094,32.92847647265397
alternating,107,1,0.00010958904109589041,0.4,0.00016348763809767347,0.6140480648084863,0.12280961296169726,0.15,False,0.0703200460356393,0.16000000000000003,0.0007393171472927012,0.30200400381164094,33.23048047646561
alternating,108,1,0.00010958904109589041,-0.4,7.345973107239883e-05,0.9160520686201272,0.18321041372402547,0.15,True,0.09182469764127033,0.16000000000000003,0.0011029315797209394,0.30200400381164094,33.53248448027725
alternating,109,1,0.00010958904109589041,0.4,0.00016348763809767347,0.6140480648084863,0.12280961296169726,0.15,False,0.0703200460356393,0.16000000000000003,0.0007393171472927012,0.30200400381164094,33.83448848408889
alternating,110,1,0.00010958904109589041,-0.4,7.345973107239883e-05,0.9160520686201272,0.18321041372402547,0.15,True,0.09182469764127033,0.16000000000000003,0.0011029315797209394,0.30200400381164094,34.136492487900526
alternating,111,1,0.00010958904109589041,0.4,0.00016348763809767347,0.6140480648084863,0.12280961296169726,0.15,False,0.0703200460356393,0.16000000000000003,0.0007393171472927012,0.30200400381164094,34.438496491712165
alternating,112,1,0.00010958904109589041,-0.4,7.345973107239883e-05,0.9160520686201272,0.18321041372402547,0.15,True,0.09182469764127033,0.16000000000000003,0.0011029315797209394,0.30200400381164094,34.740500495523804
alternating,113,1,0.00010958904109589041,0.4,0.00016348763809767347,0.6140480648084863,0.12280961296169726,0.15,False,0.0703200460356393,0.16000000000000003,0.0007393171472927012,0.30200400381164094,35.04250449933544
alternating,114,1,0.00010958904109589041,-0.4,7.345973107239883e-05,0.9160520686201272,0.18321041372402547,0.15,True,0.09182469764127033,0.16000000000000003,0.0011029315797209394,0.30200400381164094,35.34450850314708
alternating,115,1,0.00010958904109589041,0.4,0.00016348763809767347,0.6140480648084863,0.12280961296169726,0.15,False,0.0703200460356393,0.16000000000000003,0.0007393171472927012,0.30200400381164094,35.64651250695872
alternating,116,1,0.00010958904109589041,-0.4,7.345973107239883e-05,0.9160520686201272,0.18321041372402547,0.15,True,0.09182469764127033,0.16000000000000003,0.0011029315797209394,0.30200400381164094,35.94851651077036
alternating,117,1,0.00010958904109589041,0.4,0.00016348763809767347,0.6140480648084863,0.12280961296169726,0.15,False,0.0703200460356393,0.16000000000000003,0.0007393171472927012,0.30200400381164094,36.250520514582
alternating,118,1,0.00010958904109589041,-0.4,7.345973107239883e-05,0.9160520686201272,0.18321041372402547,0.15,True,0.09182469764127033,0.16000000000000003,0.0011029315797209394,0.30200400381164094,36.55252451839364
alternating,119,1,0.00010958904109589041,0.4,0.00016348763809767347,0.6140480648084863,0.12280961296169726,0.15,False,0.0703200460356393,0.16000000000000003,0.0007393171472927012,0.30200400381164094,36.85452852220528
alternating,120,1,0.00010958904109589041,-0.4,7.345973107239883e-05,0.9160520686201272,0.18321041372402547,0.15,True,0.09182469764127033,0.16000000000000003,0.0011029315797209394,0.30200400381164094,37.15653252601692
alternating,121,1,0.00010958904109589041,0.4,0.00016348763809767347,0.6140480648084863,0.12280961296169726,0.15,False,0.0703200460356393,0.16000000000000003,0.0007393171472927012,0.30200400381164094,37.45853652982856
alternating,122,1,0.00010958904109589041,-0.4,7.345973107239883e-05,0.9160520686201272,0.18321041372402547,0.15,True,0.09182469764127033,0.16000000000000003,0.0011029315797209394,0.30200400381164094,37.760540533640196
alternating,123,1,0.00010958904109589041,0.4,0.00016348763809767347,0.6140480648084863,0.12280961296169726,0.15,False,0.0703200460356393,0.16000000000000003,0.0007393171472927012,0.30200400381164094,38.062544537451835
alternating,124,1,0.00010958904109589041,-0.4,7.345973107239883e-05,0.9160520686201272,0.18321041372402547,0.15,True,0.09182469764127033,0.16000000000000003,0.0011029315797209394,0.30200400381164094,38.364548541263474
alternating,125,1,0.00010958904109589041,0.4,0.00016348763809767347,0.6140480648084863,0.12280961296169726,0.15,False,0.0703200460356393,0.16000000000000003,0.0007393171472927012,0.30200400381164094,38.66655254507511
alternating,126,1,0.00010958904109589041,-0.4,7.345973107239883e-05,0.9160520686201272,0.18321041372402547,0.15,True,0.09182469764127033,0.16000000000000003,0.0011029315797209394,0.30200400381164094,38.96855654888675
alternating,127,1,0.00010958904109589041,0.4,0.00016348763809767347,0.6140480648084863,0.12280961296169726,0.15,False,0.0703200460356393,0.16000000000000003,0.0007393171472927012,0.30200400381164094,39.27056055269839
alternating,128,1,0.00010958904109589041,-0.4,7.345973107239883e-05,0.9160520686201272,0.18321041372402547,0.15,True,0.09182469764127033,0.16000000000000003,0.0011029315797209394,0.30200400381164094,39.57256455651003
alternating,129,1,0.00010958904109589041,0.4,0.00016348763809767347,0.6140480648084863,0.12280961296169726,0.15,False,0.0703200460356393,0.16000000000000003,0.0007393171472927012,0.30200400381164094,39.87456856032167
alternating,130,1,0.00010958904109589041,-0.4,7.345973107239883e-05,0.9160520686201272,0.18321041372402547,0.15,True,0.09182469764127033,0.16000000000000003,0.0011029315797209394,0.30200400381164094,40.17657256413331
alternating,131,1,0.00010958904109589041,0.4,0.00016348763809767347,0.6140480648084863,0.12280961296169726,0.15,False,0.0703200460356393,0.16000000000000003,0.0007393171472927012,0.30200400381164094,40.47857656794495
alternating,132,1,0.00010958904109589041,-0.4,7.345973107239883e-05,0.9160520686201272,0.18321041372402547,0.15,True,0.09182469764127033,0.16000000000000003,0.0011029315797209394,0.30200400381164094,40.78058057175659
alternating,133,1,0.00010958904109589041,0.4,0.00016348763809767347,0.6140480648084863,0.12280961296169726,0.15,False,0.0703200460356393,0.16000000000000003,0.0007393171472927012,0.30200400381164094,41.08258457556823
alternating,134,1,0.00010958904109589041,-0.4,7.345973107239883e-05,0.9160520686201272,0.18321041372402547,0.15,True,0.09182469764127033,0.16000000000000003,0.0011029315797209394,0.30200400381164094,41.384588579379866
alternating,135,1,0.00010958904109589041,0.4,0.00016348763809767347,0.6140480648084863,0.12280961296169726,0.15,False,0.0703200460356393,0.16000000000000003,0.0007393171472927012,0.30200400381164094,41.686592583191505
alternating,136,1,0.00010958904109589041,-0.4,7.345973107239883e-05,0.9160520686201272,0.18321041372402547,0.15,True,0.09182469764127033,0.16000000000000003,0.0011029315797209394,0.30200400381164094,41.988596587003144
alternating,137,1,0.00010958904109589041,0.4,0.00016348763809767347,0.6140480648084863,0.12280961296169726,0.15,False,0.0703200460356393,0.16000000000000003,0.0007393171472927012,0.30200400381164094,42.29060059081478
alternating,138,1,0.00010958904109589041,-0.4,7.345973107239883e-05,0.9160520686201272,0.18321041372402547,0.15,True,0.09182469764127033,0.16000000000000003,0.0011029315797209394,0.30200400381164094,42.59260459462642
alternating,139,1,0.00010958904109589041,0.4,0.00016348763809767347,0.6140480648084863,0.12280961296169726,0.15,False,0.0703200460356393,0.16000000000000003,0.0007393171472927012,0.30200400381164094,42.89460859843806
alternating,140,1,0.00010958904109589041,-0.4,7.345973107239883e-05,0.9160520686201272,0.18321041372402547,0.15,True,0.09182469764127033,0.16000000000000003,0.0011029315797209394,0.30200400381164094,43.1966126022497
alternating,141,1,0.00010958904109589041,0.4,0.00016348763809767347,0.6140480648084863,0.12280961296169726,0.15,False,0.0703200460356393,0.16000000000000003,0.0007393171472927012,0.30200400381164094,43.49861660606134
alternating,142,1,0.00010958904109589041,-0.4,7.345973107239883e-05,0.9160520686201272,0.18321041372402547,0.15,True,0.09182469764127033,0.16000000000000003,0.0011029315797209394,0.30200400381164094,43.80062060987298
alternating,143,1,0.00010958904109589041,0.4,0.00016348763809767347,0.6140480648084863,0.12280961296169726,0.15,False,0.0703200460356393,0.16000000000000003,0.0007393171472927012,0.30200400381164094,44.10262461368462
alternating,144,1,0.00010958904109589041,-0.4,7.345973107239883e-05,0.9160520686201272,0.18321041372402547,0.15,True,0.09182469764127033,0.16000000000000003,0.0011029315797209394,0.30200400381164094,44.40462861749626
alternating,145,1,0.00010958904109589041,0.4,0.00016348763809767347,0.6140480648084863,0.12280961296169726,0.15,False,0.0703200460356393,0.16000000000000003,0.0007393171472927012,0.30200400381164094,44.7066326213079
alternating,146,1,0.00010958904109589041,-0.4,7.345973107239883e-05,0.9160520686201272,0.18321041372402547,0.15,True,0.09182469764127033,0.16000000000000003,0.0011029315797209394,0.30200400381164094,45.008636625119536
alternating,147,1,0.00010958904109589041,0.4,0.00016348763809767347,0.6140480648084863,0.12280961296169726,0.15,False,0.0703200460356393,0.16000000000000003,0.0007393171472927012,0.30200400381164094,45.310640628931175
alternating,148,1,0.00010958904109589041,-0.4,7.345973107239883e-05,0.9160520686201272,0.18321041372402547,0.15,True,0.09182469764127033,0.16000000000000003,0.0011029315797209394,0.30200400381164094,45.612644632742814
alternating,149,1,0.00010958904109589041,0.4,0.00016348763809767347,0.6140480648084863,0.12280961296169726,0.15,False,0.0703200460356393,0.16000000000000003,0.0007393171472927012,0.30200400381164094,45.91464863655445
alternating,150,1,0.00010958904109589041,-0.4,7.345973107239883e-05,0.9160520686201272,0.18321041372402547,0.15,True,0.09182469764127033,0.16000000000000003,0.0011029315797209394,0.30200400381164094,46.21665264036609
alternating,151,1,0.00010958904109589041,0.4,0.00016348763809767347,0.6140480648084863,0.12280961296169726,0.15,False,0.0703200460356393,0.16000000000000003,0.0007393171472927012,0.30200400381164094,46.51865664417773
alternating,152,1,0.00010958904109589041,-0.4,7.345973107239883e-05,0.9160520686201272,0.18321041372402547,0.15,True,0.09182469764127033,0.16000000000000003,0.0011029315797209394,0.30200400381164094,46.82066064798937
alternating,153,1,0.00010958904109589041,0.4,0.00016348763809767347,0.6140480648084863,0.12280961296169726,0.15,False,0.0703200460356393,0.16000000000000003,0.0007393171472927012,0.30200400381164094,47.12266465180101
alternating,154,1,0.00010958904109589041,-0.4,7.345973107239883e-05,0.9160520686201272,0.18321041372402547,0.15,True,0.09182469764127033,0.16000000000000003,0.0011029315797209394,0.30200400381164094,47.42466865561265
alternating,155,1,0.00010958904109589041,0.4,0.00016348763809767347,0.6140480648084863,0.12280961296169726,0.15,False,0.0703200460356393,0.16000000000000003,0.0007393171472927012,0.30200400381164094,47.72667265942429
alternating,156,1,0.00010958904109589041,-0.4,7.345973107239883e-05,0.9160520686201272,0.18321041372402547,0.15,True,0.09182469764127033,0.16000000000000003,0.0011029315797209394,0.30200400381164094,48.02867666323593
alternating,157,1,0.00010958904109589041,0.4,0.00016348763809767347,0.6140480648084863,0.12280961296169726,0.15,False,0.0703200460356393,0.16000000000000003,0.0007393171472927012,0.30200400381164094,48.33068066704757
alternating,158,1,0.00010958904109589041,-0.4,7.345973107239883e-05,0.9160520686201272,0.18321041372402547,0.15,True,0.09182469764127033,0.16000000000000003,0.0011029315797209394,0.30200400381164094,48.632684670859206
alternating,159,1,0.00010958904109589041,0.4,0.00016348763809767347,0.6140480648084863,0.12280961296169726,0.15,False,0.0703200460356393,0.16000000000000003,0.0007393171472927012,0.30200400381164094,48.934688674670845
alternating,160,1,0.00010958904109589041,-0.4,7.345973107239883e-05,0.9160520686201272,0.18321041372402547,0.15,True,0.09182469764127033,0.16000000000000003,0.0011029315797209394,0.30200400381164094,49.236692678482484
alternating,161,1,0.00010958904109589041,0.4,0.00016348763809767347,0.6140480648084863,0.12280961296169726,0.15,False,0.0703200460356393,0.16000000000000003,0.0007393171472927012,0.30200400381164094,49.53869668229412
alternating,162,1,0.00010958904109589041,-0.4,7.345973107239883e-05,0.9160520686201272,0.18321041372402547,0.15,True,0.09182469764127033,0.16000000000000003,0.0011029315797209394,0.30200400381164094,49.84070068610576
alternating,163,1,0.00010958904109589041,0.4,0.00016348763809767347,0.6140480648084863,0.12280961296169726,0.15,False,0.0703200460356393,0.16000000000000003,0.0007393171472927012,0.30200400381164094,50.1427046899174
alternating,164,1,0.00010958904109589041,-0.4,7.345973107239883e-05,0.9160520686201272,0.18321041372402547,0.15,True,0.09182469764127033,0.16000000000000003,0.0011029315797209394,0.30200400381164094,50.44470869372904
alternating,165,1,0.00010958904109589041,0.4,0.00016348763809767347,0.6140480648084863,0.12280961296169726,0.15,False,0.0703200460356393,0.16000000000000003,0.0007393171472927012,0.30200400381164094,50.74671269754068
alternating,166,1,0.00010958904109589041,-0.4,7.345973107239883e-05,0.9160520686201272,0.18321041372402547,0.15,True,0.09182469764127033,0.16000000000000003,0.0011029315797209394,0.30200400381164094,51.04871670135232
alternating,167,1,0.00010958904109589041,0.4,0.00016348763809767347,0.6140480648084863,0.12280961296169726,0.15,False,0.0703200460356393,0.16000000000000003,0.0007393171472927012,0.30200400381164094,51.35072070516396
alternating,168,1,0.00010958904109589041,-0.4,7.345973107239883e-05,0.9160520686201272,0.18321041372402547,0.15,True,0.09182469764127033,0.16000000000000003,0.0011029315797209394,0.30200400381164094,51.6527247089756
alternating,169,1,0.00010958904109589041,0.4,0.00016348763809767347,0.6140480648084863,0.12280961296169726,0.15,False,0.0703200460356393,0.16000000000000003,0.0007393171472927012,0.30200400381164094,51.95472871278724
alternating,170,1,0.00010958904109589041,-0.4,7.345973107239883e-05,0.9160520686201272,0.18321041372402547,0.15,True,0.09182469764127033,0.16000000000000003,0.0011029315797209394,0.30200400381164094,52.256732716598876
alternating,171,1,0.00010958904109589041,0.4,0.00016348763809767347,0.6140480648084863,0.12280961296169726,0.15,False,0.0703200460356393,0.16000000000000003,0.0007393171472927012,0.30200400381164094,52.558736720410515
alternating,172,1,0.00010958904109589041,-0.4,7.345973107239883e-05,0.9160520686201272,0.18321041372402547,0.15,True,0.09182469764127033,0.16000000000000003,0.0011029315797209394,0.30200400381164094,52.860740724222154
alternating,173,1,0.00010958904109589041,0.4,0.00016348763809767347,0.6140480648084863,0.12280961296169726,0.15,False,0.0703200460356393,0.16000000000000003,0.0007393171472927012,0.30200400381164094,53.16274472803379
alternating,174,1,0.00010958904109589041,-0.4,7.345973107239883e-05,0.9160520686201272,0.18321041372402547,0.15,True,0.09182469764127033,0.16000000000000003,0.0011029315797209394,0.30200400381164094,53.46474873184543
alternating,175,1,0.00010958904109589041,0.4,0.00016348763809767347,0.6140480648084863,0.12280961296169726,0.15,False,0.0703200460356393,0.16000000000000003,0.0007393171472927012,0.30200400381164094,53.76675273565707
alternating,176,1,0.00010958904109589041,-0.4,7.345973107239883e-05,0.9160520686201272,0.18321041372402547,0.15,True,0.09182469764127033,0.16000000000000003,0.0011029315797209394,0.30200400381164094,54.06875673946871
alternating,177,1,0.00010958904109589041,0.4,0.00016348763809767347,0.6140480648084863,0.12280961296169726,0.15,False,0.0703200460356393,0.16000000000000003,0.0007393171472927012,0.30200400381164094,54.37076074328035
alternating,178,1,0.00010958904109589041,-0.4,7.345973107239883e-05,0.9160520686201272,0.18321041372402547,0.15,True,0.09182469764127033,0.16000000000000003,0.0011029315797209394,0.30200400381164094,54.67276474709199
alternating,179,1,0.00010958904109589041,0.4,0.00016348763809767347,0.6140480648084863,0.12280961296169726,0.15,False,0.0703200460356393,0.16000000000000003,0.0007393171472927012,0.30200400381164094,54.97476875090363
alternating,180,1,0.00010958904109589041,-0.4,7.345973107239883e-05,0.9160520686201272,0.18321041372402547,0.15,True,0.09182469764127033,0.16000000000000003,0.0011029315797209394,0.30200400381164094,55.27677275471527
alternating,181,1,0.00010958904109589041,0.4,0.00016348763809767347,0.6140480648084863,0.12280961296169726,0.15,False,0.0703200460356393,0.16000000000000003,0.0007393171472927012,0.30200400381164094,55.57877675852691
alternating,182,1,0.00010958904109589041,-0.4,7.345973107239883e-05,0.9160520686201272,0.18321041372402547,0.15,True,0.09182469764127033,0.16000000000000003,0.0011029315797209394,0.30200400381164094,55.880780762338546
alternating,183,1,0.00010958904109589041,0.4,0.00016348763809767347,0.6140480648084863,0.12280961296169726,0.15,False,0.0703200460356393,0.16000000000000003,0.0007393171472927012,0.30200400381164094,56.182784766150185
alternating,184,1,0.00010958904109589041,-0.4,7.345973107239883e-05,0.9160520686201272,0.18321041372402547,0.15,True,0.09182469764127033,0.16000000000000003,0.0011029315797209394,0.30200400381164094,56.484788769961824
alternating,185,1,0.00010958904109589041,0.4,0.00016348763809767347,0.6140480648084863,0.12280961296169726,0.15,False,0.0703200460356393,0.16000000000000003,0.0007393171472927012,0.30200400381164094,56.78679277377346
alternating,186,1,0.00010958904109589041,-0.4,7.345973107239883e-05,0.9160520686201272,0.18321041372402547,0.15,True,0.09182469764127033,0.16000000000000003,0.0011029315797209394,0.30200400381164094,57.0887967775851
alternating,187,1,0.00010958904109589041,0.4,0.00016348763809767347,0.6140480648084863,0.12280961296169726,0.15,False,0.0703200460356393,0.16000000000000003,0.0007393171472927012,0.30200400381164094,57.39080078139674
alternating,188,1,0.00010958904109589041,-0.4,7.345973107239883e-05,0.9160520686201272,0.18321041372402547,0.15,True,0.09182469764127033,0.16000000000000003,0.0011029315797209394,0.30200400381164094,57.69280478520838
alternating,189,1,0.00010958904109589041,0.4,0.00016348763809767347,0.6140480648084863,0.12280961296169726,0.15,False,0.0703200460356393,0.16000000000000003,0.0007393171472927012,0.30200400381164094,57.99480878902002
alternating,190,1,0.00010958904109589041,-0.4,7.345973107239883e-05,0.9160520686201272,0.18321041372402547,0.15,True,0.09182469764127033,0.16000000000000003,0.0011029315797209394,0.30200400381164094,58.29681279283166
alternating,191,1,0.00010958904109589041,0.4,0.00016348763809767347,0.6140480648084863,0.12280961296169726,0.15,False,0.0703200460356393,0.16000000000000003,0.0007393171472927012,0.30200400381164094,58.5988167966433
alternating,192,1,0.00010958904109589041,-0.4,7.345973107239883e-05,0.9160520686201272,0.18321041372402547,0.15,True,0.09182469764127033,0.16000000000000003,0.0011029315797209394,0.30200400381164094,58.90082080045494
alternating,193,1,0.00010958904109589041,0.4,0.00016348763809767347,0.6140480648084863,0.12280961296169726,0.15,False,0.0703200460356393,0.16000000000000003,0.0007393171472927012,0.30200400381164094,59.20282480426658
alternating,194,1,0.00010958904109589041,-0.4,7.345973107239883e-05,0.9160520686201272,0.18321041372402547,0.15,True,0.09182469764127033,0.16000000000000003,0.0011029315797209394,0.30200400381164094,59.504828808078216
alternating,195,1,0.00010958904109589041,0.4,0.00016348763809767347,0.6140480648084863,0.12280961296169726,0.15,False,0.0703200460356393,0.16000000000000003,0.0007393171472927012,0.30200400381164094,59.806832811889855
alternating,196,1,0.00010958904109589041,-0.4,7.345973107239883e-05,0.9160520686201272,0.18321041372402547,0.15,True,0.09182469764127033,0.16000000000000003,0.0011029315797209394,0.30200400381164094,60.108836815701494
alternating,197,1,0.00010958904109589041,0.4,0.00016348763809767347,0.6140480648084863,0.12280961296169726,0.15,False,0.0703200460356393,0.16000000000000003,0.0007393171472927012,0.30200400381164094,60.41084081951313
alternating,198,1,0.00010958904109589041,-0.4,7.345973107239883e-05,0.9160520686201272,0.18321041372402547,0.15,True,0.09182469764127033,0.16000000000000003,0.0011029315797209394,0.30200400381164094,60.71284482332477
alternating,199,1,0.00010958904109589041,0.4,0.00016348763809767347,0.6140480648084863,0.12280961296169726,0.15,False,0.0703200460356393,0.16000000000000003,0.0007393171472927012,0.30200400381164094,61.01484882713641
alternating,200,1,0.00010958904109589041,-0.4,7.345973107239883e-05,0.9160520686201272,0.18321041372402547,0.15,True,0.09182469764127033,0.16000000000000003,0.0011029315797209394,0.30200400381164094,61.31685283094805
alternating,201,1,0.00010958904109589041,0.4,0.00016348763809767347,0.6140480648084863,0.12280961296169726,0.15,False,0.0703200460356393,0.16000000000000003,0.0007393171472927012,0.30200400381164094,61.61885683475969
alternating,202,1,0.00010958904109589041,-0.4,7.345973107239883e-05,0.9160520686201272,0.18321041372402547,0.15,True,0.09182469764127033,0.16000000000000003,0.0011029315797209394,0.30200400381164094,61.92086083857133
alternating,203,1,0.00010958904109589041,0.4,0.00016348763809767347,0.6140480648084863,0.12280961296169726,0.15,False,0.0703200460356393,0.16000000000000003,0.0007393171472927012,0.30200400381164094,62.22286484238297
alternating,204,1,0.00010958904109589041,-0.4,7.345973107239883e-05,0.9160520686201272,0.18321041372402547,0.15,True,0.09182469764127033,0.16000000000000003,0.0011029315797209394,0.30200400381164094,62.52486884619461
alternating,205,1,0.00010958904109589041,0.4,0.00016348763809767347,0.6140480648084863,0.12280961296169726,0.15,False,0.0703200460356393,0.16000000000000003,0.0007393171472927012,0.30200400381164094,62.82687285000625
alternating,206,1,0.00010958904109589041,-0.4,7.345973107239883e-05,0.9160520686201272,0.18321041372402547,0.15,True,0.09182469764127033,0.16000000000000003,0.0011029315797209394,0.30200400381164094,63.128876853817886
alternating,207,1,0.00010958904109589041,0.4,0.00016348763809767347,0.6140480648084863,0.12280961296169726,0.15,False,0.0703200460356393,0.16000000000000003,0.0007393171472927012,0.30200400381164094,63.430880857629525
alternating,208,1,0.00010958904109589041,-0.4,7.345973107239883e-05,0.9160520686201272,0.18321041372402547,0.15,True,0.09182469764127033,0.16000000000000003,0.0011029315797209394,0.30200400381164094,63.732884861441164
alternating,209,1,0.00010958904109589041,0.4,0.00016348763809767347,0.6140480648084863,0.12280961296169726,0.15,False,0.0703200460356393,0.16000000000000003,0.0007393171472927012,0.30200400381164094,64.03488886525281
alternating,210,1,0.00010958904109589041,-0.4,7.345973107239883e-05,0.9160520686201272,0.18321041372402547,0.15,True,0.09182469764127033,0.16000000000000003,0.0011029315797209394,0.30200400381164094,64.33689286906446
alternating,211,1,0.00010958904109589041,0.4,0.00016348763809767347,0.6140480648084863,0.12280961296169726,0.15,False,0.0703200460356393,0.16000000000000003,0.0007393171472927012,0.30200400381164094,64.6388968728761
alternating,212,1,0.00010958904109589041,-0.4,7.345973107239883e-05,0.9160520686201272,0.18321041372402547,0.15,True,0.09182469764127033,0.16000000000000003,0.0011029315797209394,0.30200400381164094,64.94090087668775
alternating,213,1,0.00010958904109589041,0.4,0.00016348763809767347,0.6140480648084863,0.12280961296169726,0.15,False,0.0703200460356393,0.16000000000000003,0.0007393171472927012,0.30200400381164094,65.2429048804994
alternating,214,1,0.00010958904109589041,-0.4,7.345973107239883e-05,0.9160520686201272,0.18321041372402547,0.15,True,0.09182469764127033,0.16000000000000003,0.0011029315797209394,0.30200400381164094,65.54490888431104
alternating,215,1,0.00010958904109589041,0.4,0.00016348763809767347,0.6140480648084863,0.12280961296169726,0.15,False,0.0703200460356393,0.16000000000000003,0.0007393171472927012,0.30200400381164094,65.84691288812269
alternating,216,1,0.00010958904109589041,-0.4,7.345973107239883e-05,0.9160520686201272,0.18321041372402547,0.15,True,0.09182469764127033,0.16000000000000003,0.0011029315797209394,0.30200400381164094,66.14891689193433
alternating,217,1,0.00010958904109589041,0.4,0.00016348763809767347,0.6140480648084863,0.12280961296169726,0.15,False,0.0703200460356393,0.16000000000000003,0.0007393171472927012,0.30200400381164094,66.45092089574598
alternating,218,1,0.00010958904109589041,-0.4,7.345973107239883e-05,0.9160520686201272,0.18321041372402547,0.15,True,0.09182469764127033,0.16000000000000003,0.0011029315797209394,0.30200400381164094,66.75292489955763
alternating,219,1,0.00010958904109589041,0.4,0.00016348763809767347,0.6140480648084863,0.12280961296169726,0.15,False,0.0703200460356393,0.16000000000000003,0.0007393171472927012,0.30200400381164094,67.05492890336927
alternating,220,1,0.00010958904109589041,-0.4,7.345973107239883e-05,0.9160520686201272,0.18321041372402547,0.15,True,0.09182469764127033,0.16000000000000003,0.0011029315797209394,0.30200400381164094,67.35693290718092
alternating,221,1,0.00010958904109589041,0.4,0.00016348763809767347,0.6140480648084863,0.12280961296169726,0.15,False,0.0703200460356393,0.16000000000000003,0.0007393171472927012,0.30200400381164094,67.65893691099257
alternating,222,1,0.00010958904109589041,-0.4,7.345973107239883e-05,0.9160520686201272,0.18321041372402547,0.15,True,0.09182469764127033,0.16000000000000003,0.0011029315797209394,0.30200400381164094,67.96094091480421
alternating,223,1,0.00010958904109589041,0.4,0.00016348763809767347,0.6140480648084863,0.12280961296169726,0.15,False,0.0703200460356393,0.16000000000000003,0.0007393171472927012,0.30200400381164094,68.26294491861586
alternating,224,1,0.00010958904109589041,-0.4,7.345973107239883e-05,0.9160520686201272,0.18321041372402547,0.15,True,0.09182469764127033,0.16000000000000003,0.0011029315797209394,0.30200400381164094,68.5649489224275
alternating,225,1,0.00010958904109589041,0.4,0.00016348763809767347,0.6140480648084863,0.12280961296169726,0.15,False,0.0703200460356393,0.16000000000000003,0.0007393171472927012,0.30200400381164094,68.86695292623915
alternating,226,1,0.00010958904109589041,-0.4,7.345973107239883e-05,0.9160520686201272,0.18321041372402547,0.15,True,0.09182469764127033,0.16000000000000003,0.0011029315797209394,0.30200400381164094,69.1689569300508
alternating,227,1,0.00010958904109589041,0.4,0.00016348763809767347,0.6140480648084863,0.12280961296169726,0.15,False,0.0703200460356393,0.16000000000000003,0.0007393171472927012,0.30200400381164094,69.47096093386244
alternating,228,1,0.00010958904109589041,-0.4,7.345973107239883e-05,0.9160520686201272,0.18321041372402547,0.15,True,0.09182469764127033,0.16000000000000003,0.0011029315797209394,0.30200400381164094,69.77296493767409
alternating,229,1,0.00010958904109589041,0.4,0.00016348763809767347,0.6140480648084863,0.12280961296169726,0.15,False,0.0703200460356393,0.16000000000000003,0.0007393171472927012,0.30200400381164094,70.07496894148574
alternating,230,1,0.00010958904109589041,-0.4,7.345973107239883e-05,0.9160520686201272,0.18321041372402547,0.15,True,0.09182469764127033,0.16000000000000003,0.0011029315797209394,0.30200400381164094,70.37697294529738
alternating,231,1,0.00010958904109589041,0.4,0.00016348763809767347,0.6140480648084863,0.12280961296169726,0.15,False,0.0703200460356393,0.16000000000000003,0.0007393171472927012,0.30200400381164094,70.67897694910903
alternating,232,1,0.00010958904109589041,-0.4,7.345973107239883e-05,0.9160520686201272,0.18321041372402547,0.15,True,0.09182469764127033,0.16000000000000003,0.0011029315797209394,0.30200400381164094,70.98098095292067
alternating,233,1,0.00010958904109589041,0.4,0.00016348763809767347,0.6140480648084863,0.12280961296169726,0.15,False,0.0703200460356393,0.16000000000000003,0.0007393171472927012,0.30200400381164094,71.28298495673232
alternating,234,1,0.00010958904109589041,-0.4,7.345973107239883e-05,0.9160520686201272,0.18321041372402547,0.15,True,0.09182469764127033,0.16000000000000003,0.0011029315797209394,0.30200400381164094,71.58498896054397
alternating,235,1,0.00010958904109589041,0.4,0.00016348763809767347,0.6140480648084863,0.12280961296169726,0.15,False,0.0703200460356393,0.16000000000000003,0.0007393171472927012,0.30200400381164094,71.88699296435561
alternating,236,1,0.00010958904109589041,-0.4,7.345973107239883e-05,0.9160520686201272,0.18321041372402547,0.15,True,0.09182469764127033,0.16000000000000003,0.0011029315797209394,0.30200400381164094,72.18899696816726
alternating,237,1,0.00010958904109589041,0.4,0.00016348763809767347,0.6140480648084863,0.12280961296169726,0.15,False,0.0703200460356393,0.16000000000000003,0.0007393171472927012,0.30200400381164094,72.4910009719789
alternating,238,1,0.00010958904109589041,-0.4,7.345973107239883e-05,0.9160520686201272,0.18321041372402547,0.15,True,0.09182469764127033,0.16000000000000003,0.0011029315797209394,0.30200400381164094,72.79300497579055
alternating,239,1,0.00010958904109589041,0.4,0.00016348763809767347,0.6140480648084863,0.12280961296169726,0.15,False,0.0703200460356393,0.16000000000000003,0.0007393171472927012,0.30200400381164094,73.0950089796022
blocks_5,0,5,0.00010958904109589041,-0.4,7.345973107239883e-05,0.9160520686201272,0.18321041372402547,0.15,True,0.09182469764127033,0.16000000000000003,0.0011029315797209394,0.9160520686201272,0.9160520686201272
blocks_5,1,5,0.00010958904109589041,-0.4,7.345973107239883e-05,0.9160520686201272,0.18321041372402547,0.15,True,0.09182469764127033,0.16000000000000003,0.0011029315797209394,0.0,0.9160520686201272
blocks_5,2,5,0.00010958904109589041,-0.4,7.345973107239883e-05,0.9160520686201272,0.18321041372402547,0.15,True,0.09182469764127033,0.16000000000000003,0.0011029315797209394,0.0,0.9160520686201272
blocks_5,3,5,0.00010958904109589041,-0.4,7.345973107239883e-05,0.9160520686201272,0.18321041372402547,0.15,True,0.09182469764127033,0.16000000000000003,0.0011029315797209394,0.0,0.9160520686201272
blocks_5,4,5,0.00010958904109589041,-0.4,7.345973107239883e-05,0.9160520686201272,0.18321041372402547,0.15,True,0.09182469764127033,0.16000000000000003,0.0011029315797209394,0.0,0.9160520686201272
blocks_5,5,5,0.00010958904109589041,0.4,0.00016348763809767347,0.6140480648084863,0.12280961296169726,0.15,False,0.0703200460356393,0.16000000000000003,0.0007393171472927012,0.30200400381164094,1.2180560724317682
blocks_5,6,5,0.00010958904109589041,0.4,0.00016348763809767347,0.6140480648084863,0.12280961296169726,0.15,False,0.0703200460356393,0.16000000000000003,0.0007393171472927012,0.0,1.2180560724317682
blocks_5,7,5,0.00010958904109589041,0.4,0.00016348763809767347,0.6140480648084863,0.12280961296169726,0.15,False,0.0703200460356393,0.16000000000000003,0.0007393171472927012,0.0,1.2180560724317682
blocks_5,8,5,0.00010958904109589041,0.4,0.00016348763809767347,0.6140480648084863,0.12280961296169726,0.15,False,0.0703200460356393,0.16000000000000003,0.0007393171472927012,0.0,1.2180560724317682
blocks_5,9,5,0.00010958904109589041,0.4,0.00016348763809767347,0.6140480648084863,0.12280961296169726,0.15,False,0.0703200460356393,0.16000000000000003,0.0007393171472927012,0.0,1.2180560724317682
blocks_5,10,5,0.00010958904109589041,-0.4,7.345973107239883e-05,0.9160520686201272,0.18321041372402547,0.15,True,0.09182469764127033,0.16000000000000003,0.0011029315797209394,0.30200400381164094,1.520060076243409
blocks_5,11,5,0.00010958904109589041,-0.4,7.345973107239883e-05,0.9160520686201272,0.18321041372402547,0.15,True,0.09182469764127033,0.16000000000000003,0.0011029315797209394,0.0,1.520060076243409
blocks_5,12,5,0.00010958904109589041,-0.4,7.345973107239883e-05,0.9160520686201272,0.18321041372402547,0.15,True,0.09182469764127033,0.16000000000000003,0.0011029315797209394,0.0,1.520060076243409
blocks_5,13,5,0.00010958904109589041,-0.4,7.345973107239883e-05,0.9160520686201272,0.18321041372402547,0.15,True,0.09182469764127033,0.16000000000000003,0.0011029315797209394,0.0,1.520060076243409
blocks_5,14,5,0.00010958904109589041,-0.4,7.345973107239883e-05,0.9160520686201272,0.18321041372402547,0.15,True,0.09182469764127033,0.16000000000000003,0.0011029315797209394,0.0,1.520060076243409
blocks_5,15,5,0.00010958904109589041,0.4,0.00016348763809767347,0.6140480648084863,0.12280961296169726,0.15,False,0.0703200460356393,0.16000000000000003,0.0007393171472927012,0.30200400381164094,1.82206408005505
blocks_5,16,5,0.00010958904109589041,0.4,0.00016348763809767347,0.6140480648084863,0.12280961296169726,0.15,False,0.0703200460356393,0.16000000000000003,0.0007393171472927012,0.0,1.82206408005505
blocks_5,17,5,0.00010958904109589041,0.4,0.00016348763809767347,0.6140480648084863,0.12280961296169726,0.15,False,0.0703200460356393,0.16000000000000003,0.0007393171472927012,0.0,1.82206408005505
blocks_5,18,5,0.00010958904109589041,0.4,0.00016348763809767347,0.6140480648084863,0.12280961296169726,0.15,False,0.0703200460356393,0.16000000000000003,0.0007393171472927012,0.0,1.82206408005505
blocks_5,19,5,0.00010958904109589041,0.4,0.00016348763809767347,0.6140480648084863,0.12280961296169726,0.15,False,0.0703200460356393,0.16000000000000003,0.0007393171472927012,0.0,1.82206408005505
blocks_5,20,5,0.00010958904109589041,-0.4,7.345973107239883e-05,0.9160520686201272,0.18321041372402547,0.15,True,0.09182469764127033,0.16000000000000003,0.0011029315797209394,0.30200400381164094,2.1240680838666908
blocks_5,21,5,0.00010958904109589041,-0.4,7.345973107239883e-05,0.9160520686201272,0.18321041372402547,0.15,True,0.09182469764127033,0.16000000000000003,0.0011029315797209394,0.0,2.1240680838666908
blocks_5,22,5,0.00010958904109589041,-0.4,7.345973107239883e-05,0.9160520686201272,0.18321041372402547,0.15,True,0.09182469764127033,0.16000000000000003,0.0011029315797209394,0.0,2.1240680838666908
blocks_5,23,5,0.00010958904109589041,-0.4,7.345973107239883e-05,0.9160520686201272,0.18321041372402547,0.15,True,0.09182469764127033,0.16000000000000003,0.0011029315797209394,0.0,2.1240680838666908
blocks_5,24,5,0.00010958904109589041,-0.4,7.345973107239883e-05,0.9160520686201272,0.18321041372402547,0.15,True,0.09182469764127033,0.16000000000000003,0.0011029315797209394,0.0,2.1240680838666908
blocks_5,25,5,0.00010958904109589041,0.4,0.00016348763809767347,0.6140480648084863,0.12280961296169726,0.15,False,0.0703200460356393,0.16000000000000003,0.0007393171472927012,0.30200400381164094,2.4260720876783317
blocks_5,26,5,0.00010958904109589041,0.4,0.00016348763809767347,0.6140480648084863,0.12280961296169726,0.15,False,0.0703200460356393,0.16000000000000003,0.0007393171472927012,0.0,2.4260720876783317
blocks_5,27,5,0.00010958904109589041,0.4,0.00016348763809767347,0.6140480648084863,0.12280961296169726,0.15,False,0.0703200460356393,0.16000000000000003,0.0007393171472927012,0.0,2.4260720876783317
blocks_5,28,5,0.00010958904109589041,0.4,0.00016348763809767347,0.6140480648084863,0.12280961296169726,0.15,False,0.0703200460356393,0.16000000000000003,0.0007393171472927012,0.0,2.4260720876783317
blocks_5,29,5,0.00010958904109589041,0.4,0.00016348763809767347,0.6140480648084863,0.12280961296169726,0.15,False,0.0703200460356393,0.16000000000000003,0.0007393171472927012,0.0,2.4260720876783317
blocks_5,30,5,0.00010958904109589041,-0.4,7.345973107239883e-05,0.9160520686201272,0.18321041372402547,0.15,True,0.09182469764127033,0.16000000000000003,0.0011029315797209394,0.30200400381164094,2.7280760914899727
blocks_5,31,5,0.00010958904109589041,-0.4,7.345973107239883e-05,0.9160520686201272,0.18321041372402547,0.15,True,0.09182469764127033,0.16000000000000003,0.0011029315797209394,0.0,2.7280760914899727
blocks_5,32,5,0.00010958904109589041,-0.4,7.345973107239883e-05,0.9160520686201272,0.18321041372402547,0.15,True,0.09182469764127033,0.16000000000000003,0.0011029315797209394,0.0,2.7280760914899727
blocks_5,33,5,0.00010958904109589041,-0.4,7.345973107239883e-05,0.9160520686201272,0.18321041372402547,0.15,True,0.09182469764127033,0.16000000000000003,0.0011029315797209394,0.0,2.7280760914899727
blocks_5,34,5,0.00010958904109589041,-0.4,7.345973107239883e-05,0.9160520686201272,0.18321041372402547,0.15,True,0.09182469764127033,0.16000000000000003,0.0011029315797209394,0.0,2.7280760914899727
blocks_5,35,5,0.00010958904109589041,0.4,0.00016348763809767347,0.6140480648084863,0.12280961296169726,0.15,False,0.0703200460356393,0.16000000000000003,0.0007393171472927012,0.30200400381164094,3.0300800953016136
blocks_5,36,5,0.00010958904109589041,0.4,0.00016348763809767347,0.6140480648084863,0.12280961296169726,0.15,False,0.0703200460356393,0.16000000000000003,0.0007393171472927012,0.0,3.0300800953016136
blocks_5,37,5,0.00010958904109589041,0.4,0.00016348763809767347,0.6140480648084863,0.12280961296169726,0.15,False,0.0703200460356393,0.16000000000000003,0.0007393171472927012,0.0,3.0300800953016136
blocks_5,38,5,0.00010958904109589041,0.4,0.00016348763809767347,0.6140480648084863,0.12280961296169726,0.15,False,0.0703200460356393,0.16000000000000003,0.0007393171472927012,0.0,3.0300800953016136
blocks_5,39,5,0.00010958904109589041,0.4,0.00016348763809767347,0.6140480648084863,0.12280961296169726,0.15,False,0.0703200460356393,0.16000000000000003,0.0007393171472927012,0.0,3.0300800953016136
blocks_5,40,5,0.00010958904109589041,-0.4,7.345973107239883e-05,0.9160520686201272,0.18321041372402547,0.15,True,0.09182469764127033,0.16000000000000003,0.0011029315797209394,0.30200400381164094,3.3320840991132545
blocks_5,41,5,0.00010958904109589041,-0.4,7.345973107239883e-05,0.9160520686201272,0.18321041372402547,0.15,True,0.09182469764127033,0.16000000000000003,0.0011029315797209394,0.0,3.3320840991132545
blocks_5,42,5,0.00010958904109589041,-0.4,7.345973107239883e-05,0.9160520686201272,0.18321041372402547,0.15,True,0.09182469764127033,0.16000000000000003,0.0011029315797209394,0.0,3.3320840991132545
blocks_5,43,5,0.00010958904109589041,-0.4,7.345973107239883e-05,0.9160520686201272,0.18321041372402547,0.15,True,0.09182469764127033,0.16000000000000003,0.0011029315797209394,0.0,3.3320840991132545
blocks_5,44,5,0.00010958904109589041,-0.4,7.345973107239883e-05,0.9160520686201272,0.18321041372402547,0.15,True,0.09182469764127033,0.16000000000000003,0.0011029315797209394,0.0,3.3320840991132545
blocks_5,45,5,0.00010958904109589041,0.4,0.00016348763809767347,0.6140480648084863,0.12280961296169726,0.15,False,0.0703200460356393,0.16000000000000003,0.0007393171472927012,0.30200400381164094,3.6340881029248955
blocks_5,46,5,0.00010958904109589041,0.4,0.00016348763809767347,0.6140480648084863,0.12280961296169726,0.15,False,0.0703200460356393,0.16000000000000003,0.0007393171472927012,0.0,3.6340881029248955
blocks_5,47,5,0.00010958904109589041,0.4,0.00016348763809767347,0.6140480648084863,0.12280961296169726,0.15,False,0.0703200460356393,0.16000000000000003,0.0007393171472927012,0.0,3.6340881029248955
blocks_5,48,5,0.00010958904109589041,0.4,0.00016348763809767347,0.6140480648084863,0.12280961296169726,0.15,False,0.0703200460356393,0.16000000000000003,0.0007393171472927012,0.0,3.6340881029248955
blocks_5,49,5,0.00010958904109589041,0.4,0.00016348763809767347,0.6140480648084863,0.12280961296169726,0.15,False,0.0703200460356393,0.16000000000000003,0.0007393171472927012,0.0,3.6340881029248955
blocks_5,50,5,0.00010958904109589041,-0.4,7.345973107239883e-05,0.9160520686201272,0.18321041372402547,0.15,True,0.09182469764127033,0.16000000000000003,0.0011029315797209394,0.30200400381164094,3.9360921067365364
blocks_5,51,5,0.00010958904109589041,-0.4,7.345973107239883e-05,0.9160520686201272,0.18321041372402547,0.15,True,0.09182469764127033,0.16000000000000003,0.0011029315797209394,0.0,3.9360921067365364
blocks_5,52,5,0.00010958904109589041,-0.4,7.345973107239883e-05,0.9160520686201272,0.18321041372402547,0.15,True,0.09182469764127033,0.16000000000000003,0.0011029315797209394,0.0,3.9360921067365364
blocks_5,53,5,0.00010958904109589041,-0.4,7.345973107239883e-05,0.9160520686201272,0.18321041372402547,0.15,True,0.09182469764127033,0.16000000000000003,0.0011029315797209394,0.0,3.9360921067365364
blocks_5,54,5,0.00010958904109589041,-0.4,7.345973107239883e-05,0.9160520686201272,0.18321041372402547,0.15,True,0.09182469764127033,0.16000000000000003,0.0011029315797209394,0.0,3.9360921067365364
blocks_5,55,5,0.00010958904109589041,0.4,0.00016348763809767347,0.6140480648084863,0.12280961296169726,0.15,False,0.0703200460356393,0.16000000000000003,0.0007393171472927012,0.30200400381164094,4.238096110548177
blocks_5,56,5,0.00010958904109589041,0.4,0.00016348763809767347,0.6140480648084863,0.12280961296169726,0.15,False,0.0703200460356393,0.16000000000000003,0.0007393171472927012,0.0,4.238096110548177
blocks_5,57,5,0.00010958904109589041,0.4,0.00016348763809767347,0.6140480648084863,0.12280961296169726,0.15,False,0.0703200460356393,0.16000000000000003,0.0007393171472927012,0.0,4.238096110548177
blocks_5,58,5,0.00010958904109589041,0.4,0.00016348763809767347,0.6140480648084863,0.12280961296169726,0.15,False,0.0703200460356393,0.16000000000000003,0.0007393171472927012,0.0,4.238096110548177
blocks_5,59,5,0.00010958904109589041,0.4,0.00016348763809767347,0.6140480648084863,0.12280961296169726,0.15,False,0.0703200460356393,0.16000000000000003,0.0007393171472927012,0.0,4.238096110548177
blocks_5,60,5,0.00010958904109589041,-0.4,7.345973107239883e-05,0.9160520686201272,0.18321041372402547,0.15,True,0.09182469764127033,0.16000000000000003,0.0011029315797209394,0.30200400381164094,4.540100114359818
blocks_5,61,5,0.00010958904109589041,-0.4,7.345973107239883e-05,0.9160520686201272,0.18321041372402547,0.15,True,0.09182469764127033,0.16000000000000003,0.0011029315797209394,0.0,4.540100114359818
blocks_5,62,5,0.00010958904109589041,-0.4,7.345973107239883e-05,0.9160520686201272,0.18321041372402547,0.15,True,0.09182469764127033,0.16000000000000003,0.0011029315797209394,0.0,4.540100114359818
blocks_5,63,5,0.00010958904109589041,-0.4,7.345973107239883e-05,0.9160520686201272,0.18321041372402547,0.15,True,0.09182469764127033,0.16000000000000003,0.0011029315797209394,0.0,4.540100114359818
blocks_5,64,5,0.00010958904109589041,-0.4,7.345973107239883e-05,0.9160520686201272,0.18321041372402547,0.15,True,0.09182469764127033,0.16000000000000003,0.0011029315797209394,0.0,4.540100114359818
blocks_5,65,5,0.00010958904109589041,0.4,0.00016348763809767347,0.6140480648084863,0.12280961296169726,0.15,False,0.0703200460356393,0.16000000000000003,0.0007393171472927012,0.30200400381164094,4.842104118171459
blocks_5,66,5,0.00010958904109589041,0.4,0.00016348763809767347,0.6140480648084863,0.12280961296169726,0.15,False,0.0703200460356393,0.16000000000000003,0.0007393171472927012,0.0,4.842104118171459
blocks_5,67,5,0.00010958904109589041,0.4,0.00016348763809767347,0.6140480648084863,0.12280961296169726,0.15,False,0.0703200460356393,0.16000000000000003,0.0007393171472927012,0.0,4.842104118171459
blocks_5,68,5,0.00010958904109589041,0.4,0.00016348763809767347,0.6140480648084863,0.12280961296169726,0.15,False,0.0703200460356393,0.16000000000000003,0.0007393171472927012,0.0,4.842104118171459
blocks_5,69,5,0.00010958904109589041,0.4,0.00016348763809767347,0.6140480648084863,0.12280961296169726,0.15,False,0.0703200460356393,0.16000000000000003,0.0007393171472927012,0.0,4.842104118171459
blocks_5,70,5,0.00010958904109589041,-0.4,7.345973107239883e-05,0.9160520686201272,0.18321041372402547,0.15,True,0.09182469764127033,0.16000000000000003,0.0011029315797209394,0.30200400381164094,5.1441081219831
blocks_5,71,5,0.00010958904109589041,-0.4,7.345973107239883e-05,0.9160520686201272,0.18321041372402547,0.15,True,0.09182469764127033,0.16000000000000003,0.0011029315797209394,0.0,5.1441081219831
blocks_5,72,5,0.00010958904109589041,-0.4,7.345973107239883e-05,0.9160520686201272,0.18321041372402547,0.15,True,0.09182469764127033,0.16000000000000003,0.0011029315797209394,0.0,5.1441081219831
blocks_5,73,5,0.00010958904109589041,-0.4,7.345973107239883e-05,0.9160520686201272,0.18321041372402547,0.15,True,0.09182469764127033,0.16000000000000003,0.0011029315797209394,0.0,5.1441081219831
blocks_5,74,5,0.00010958904109589041,-0.4,7.345973107239883e-05,0.9160520686201272,0.18321041372402547,0.15,True,0.09182469764127033,0.16000000000000003,0.0011029315797209394,0.0,5.1441081219831
blocks_5,75,5,0.00010958904109589041,0.4,0.00016348763809767347,0.6140480648084863,0.12280961296169726,0.15,False,0.0703200460356393,0.16000000000000003,0.0007393171472927012,0.30200400381164094,5.446112125794741
blocks_5,76,5,0.00010958904109589041,0.4,0.00016348763809767347,0.6140480648084863,0.12280961296169726,0.15,False,0.0703200460356393,0.16000000000000003,0.0007393171472927012,0.0,5.446112125794741
blocks_5,77,5,0.00010958904109589041,0.4,0.00016348763809767347,0.6140480648084863,0.12280961296169726,0.15,False,0.0703200460356393,0.16000000000000003,0.0007393171472927012,0.0,5.446112125794741
blocks_5,78,5,0.00010958904109589041,0.4,0.00016348763809767347,0.6140480648084863,0.12280961296169726,0.15,False,0.0703200460356393,0.16000000000000003,0.0007393171472927012,0.0,5.446112125794741
blocks_5,79,5,0.00010958904109589041,0.4,0.00016348763809767347,0.6140480648084863,0.12280961296169726,0.15,False,0.0703200460356393,0.16000000000000003,0.0007393171472927012,0.0,5.446112125794741
blocks_5,80,5,0.00010958904109589041,-0.4,7.345973107239883e-05,0.9160520686201272,0.18321041372402547,0.15,True,0.09182469764127033,0.16000000000000003,0.0011029315797209394,0.30200400381164094,5.748116129606382
blocks_5,81,5,0.00010958904109589041,-0.4,7.345973107239883e-05,0.9160520686201272,0.18321041372402547,0.15,True,0.09182469764127033,0.16000000000000003,0.0011029315797209394,0.0,5.748116129606382
blocks_5,82,5,0.00010958904109589041,-0.4,7.345973107239883e-05,0.9160520686201272,0.18321041372402547,0.15,True,0.09182469764127033,0.16000000000000003,0.0011029315797209394,0.0,5.748116129606382
blocks_5,83,5,0.00010958904109589041,-0.4,7.345973107239883e-05,0.9160520686201272,0.18321041372402547,0.15,True,0.09182469764127033,0.16000000000000003,0.0011029315797209394,0.0,5.748116129606382
blocks_5,84,5,0.00010958904109589041,-0.4,7.345973107239883e-05,0.9160520686201272,0.18321041372402547,0.15,True,0.09182469764127033,0.16000000000000003,0.0011029315797209394,0.0,5.748116129606382
blocks_5,85,5,0.00010958904109589041,0.4,0.00016348763809767347,0.6140480648084863,0.12280961296169726,0.15,False,0.0703200460356393,0.16000000000000003,0.0007393171472927012,0.30200400381164094,6.050120133418023
blocks_5,86,5,0.00010958904109589041,0.4,0.00016348763809767347,0.6140480648084863,0.12280961296169726,0.15,False,0.0703200460356393,0.16000000000000003,0.0007393171472927012,0.0,6.050120133418023
blocks_5,87,5,0.00010958904109589041,0.4,0.00016348763809767347,0.6140480648084863,0.12280961296169726,0.15,False,0.0703200460356393,0.16000000000000003,0.0007393171472927012,0.0,6.050120133418023
blocks_5,88,5,0.00010958904109589041,0.4,0.00016348763809767347,0.6140480648084863,0.12280961296169726,0.15,False,0.0703200460356393,0.16000000000000003,0.0007393171472927012,0.0,6.050120133418023
blocks_5,89,5,0.00010958904109589041,0.4,0.00016348763809767347,0.6140480648084863,0.12280961296169726,0.15,False,0.0703200460356393,0.16000000000000003,0.0007393171472927012,0.0,6.050120133418023
blocks_5,90,5,0.00010958904109589041,-0.4,7.345973107239883e-05,0.9160520686201272,0.18321041372402547,0.15,True,0.09182469764127033,0.16000000000000003,0.0011029315797209394,0.30200400381164094,6.352124137229664
blocks_5,91,5,0.00010958904109589041,-0.4,7.345973107239883e-05,0.9160520686201272,0.18321041372402547,0.15,True,0.09182469764127033,0.16000000000000003,0.0011029315797209394,0.0,6.352124137229664
blocks_5,92,5,0.00010958904109589041,-0.4,7.345973107239883e-05,0.9160520686201272,0.18321041372402547,0.15,True,0.09182469764127033,0.16000000000000003,0.0011029315797209394,0.0,6.352124137229664
blocks_5,93,5,0.00010958904109589041,-0.4,7.345973107239883e-05,0.9160520686201272,0.18321041372402547,0.15,True,0.09182469764127033,0.16000000000000003,0.0011029315797209394,0.0,6.352124137229664
blocks_5,94,5,0.00010958904109589041,-0.4,7.345973107239883e-05,0.9160520686201272,0.18321041372402547,0.15,True,0.09182469764127033,0.16000000000000003,0.0011029315797209394,0.0,6.352124137229664
blocks_5,95,5,0.00010958904109589041,0.4,0.00016348763809767347,0.6140480648084863,0.12280961296169726,0.15,False,0.0703200460356393,0.16000000000000003,0.0007393171472927012,0.30200400381164094,6.654128141041305
blocks_5,96,5,0.00010958904109589041,0.4,0.00016348763809767347,0.6140480648084863,0.12280961296169726,0.15,False,0.0703200460356393,0.16000000000000003,0.0007393171472927012,0.0,6.654128141041305
blocks_5,97,5,0.00010958904109589041,0.4,0.00016348763809767347,0.6140480648084863,0.12280961296169726,0.15,False,0.0703200460356393,0.16000000000000003,0.0007393171472927012,0.0,6.654128141041305
blocks_5,98,5,0.00010958904109589041,0.4,0.00016348763809767347,0.6140480648084863,0.12280961296169726,0.15,False,0.0703200460356393,0.16000000000000003,0.0007393171472927012,0.0,6.654128141041305
blocks_5,99,5,0.00010958904109589041,0.4,0.00016348763809767347,0.6140480648084863,0.12280961296169726,0.15,False,0.0703200460356393,0.16000000000000003,0.0007393171472927012,0.0,6.654128141041305
blocks_5,100,5,0.00010958904109589041,-0.4,7.345973107239883e-05,0.9160520686201272,0.18321041372402547,0.15,True,0.09182469764127033,0.16000000000000003,0.0011029315797209394,0.30200400381164094,6.956132144852946
blocks_5,101,5,0.00010958904109589041,-0.4,7.345973107239883e-05,0.9160520686201272,0.18321041372402547,0.15,True,0.09182469764127033,0.16000000000000003,0.0011029315797209394,0.0,6.956132144852946
blocks_5,102,5,0.00010958904109589041,-0.4,7.345973107239883e-05,0.9160520686201272,0.18321041372402547,0.15,True,0.09182469764127033,0.16000000000000003,0.0011029315797209394,0.0,6.956132144852946
blocks_5,103,5,0.00010958904109589041,-0.4,7.345973107239883e-05,0.9160520686201272,0.18321041372402547,0.15,True,0.09182469764127033,0.16000000000000003,0.0011029315797209394,0.0,6.956132144852946
blocks_5,104,5,0.00010958904109589041,-0.4,7.345973107239883e-05,0.9160520686201272,0.18321041372402547,0.15,True,0.09182469764127033,0.16000000000000003,0.0011029315797209394,0.0,6.956132144852946
blocks_5,105,5,0.00010958904109589041,0.4,0.00016348763809767347,0.6140480648084863,0.12280961296169726,0.15,False,0.0703200460356393,0.16000000000000003,0.0007393171472927012,0.30200400381164094,7.258136148664587
blocks_5,106,5,0.00010958904109589041,0.4,0.00016348763809767347,0.6140480648084863,0.12280961296169726,0.15,False,0.0703200460356393,0.16000000000000003,0.0007393171472927012,0.0,7.258136148664587
blocks_5,107,5,0.00010958904109589041,0.4,0.00016348763809767347,0.6140480648084863,0.12280961296169726,0.15,False,0.0703200460356393,0.16000000000000003,0.0007393171472927012,0.0,7.258136148664587
blocks_5,108,5,0.00010958904109589041,0.4,0.00016348763809767347,0.6140480648084863,0.12280961296169726,0.15,False,0.0703200460356393,0.16000000000000003,0.0007393171472927012,0.0,7.258136148664587
blocks_5,109,5,0.00010958904109589041,0.4,0.00016348763809767347,0.6140480648084863,0.12280961296169726,0.15,False,0.0703200460356393,0.16000000000000003,0.0007393171472927012,0.0,7.258136148664587
blocks_5,110,5,0.00010958904109589041,-0.4,7.345973107239883e-05,0.9160520686201272,0.18321041372402547,0.15,True,0.09182469764127033,0.16000000000000003,0.0011029315797209394,0.30200400381164094,7.560140152476228
blocks_5,111,5,0.00010958904109589041,-0.4,7.345973107239883e-05,0.9160520686201272,0.18321041372402547,0.15,True,0.09182469764127033,0.16000000000000003,0.0011029315797209394,0.0,7.560140152476228
blocks_5,112,5,0.00010958904109589041,-0.4,7.345973107239883e-05,0.9160520686201272,0.18321041372402547,0.15,True,0.09182469764127033,0.16000000000000003,0.0011029315797209394,0.0,7.560140152476228
blocks_5,113,5,0.00010958904109589041,-0.4,7.345973107239883e-05,0.9160520686201272,0.18321041372402547,0.15,True,0.09182469764127033,0.16000000000000003,0.0011029315797209394,0.0,7.560140152476228
blocks_5,114,5,0.00010958904109589041,-0.4,7.345973107239883e-05,0.9160520686201272,0.18321041372402547,0.15,True,0.09182469764127033,0.16000000000000003,0.0011029315797209394,0.0,7.560140152476228
blocks_5,115,5,0.00010958904109589041,0.4,0.00016348763809767347,0.6140480648084863,0.12280961296169726,0.15,False,0.0703200460356393,0.16000000000000003,0.0007393171472927012,0.30200400381164094,7.862144156287869
blocks_5,116,5,0.00010958904109589041,0.4,0.00016348763809767347,0.6140480648084863,0.12280961296169726,0.15,False,0.0703200460356393,0.16000000000000003,0.0007393171472927012,0.0,7.862144156287869
blocks_5,117,5,0.00010958904109589041,0.4,0.00016348763809767347,0.6140480648084863,0.12280961296169726,0.15,False,0.0703200460356393,0.16000000000000003,0.0007393171472927012,0.0,7.862144156287869
blocks_5,118,5,0.00010958904109589041,0.4,0.00016348763809767347,0.6140480648084863,0.12280961296169726,0.15,False,0.0703200460356393,0.16000000000000003,0.0007393171472927012,0.0,7.862144156287869
blocks_5,119,5,0.00010958904109589041,0.4,0.00016348763809767347,0.6140480648084863,0.12280961296169726,0.15,False,0.0703200460356393,0.16000000000000003,0.0007393171472927012,0.0,7.862144156287869
blocks_5,120,5,0.00010958904109589041,-0.4,7.345973107239883e-05,0.9160520686201272,0.18321041372402547,0.15,True,0.09182469764127033,0.16000000000000003,0.0011029315797209394,0.30200400381164094,8.16414816009951
blocks_5,121,5,0.00010958904109589041,-0.4,7.345973107239883e-05,0.9160520686201272,0.18321041372402547,0.15,True,0.09182469764127033,0.16000000000000003,0.0011029315797209394,0.0,8.16414816009951
blocks_5,122,5,0.00010958904109589041,-0.4,7.345973107239883e-05,0.9160520686201272,0.18321041372402547,0.15,True,0.09182469764127033,0.16000000000000003,0.0011029315797209394,0.0,8.16414816009951
blocks_5,123,5,0.00010958904109589041,-0.4,7.345973107239883e-05,0.9160520686201272,0.18321041372402547,0.15,True,0.09182469764127033,0.16000000000000003,0.0011029315797209394,0.0,8.16414816009951
blocks_5,124,5,0.00010958904109589041,-0.4,7.345973107239883e-05,0.9160520686201272,0.18321041372402547,0.15,True,0.09182469764127033,0.16000000000000003,0.0011029315797209394,0.0,8.16414816009951
blocks_5,125,5,0.00010958904109589041,0.4,0.00016348763809767347,0.6140480648084863,0.12280961296169726,0.15,False,0.0703200460356393,0.16000000000000003,0.0007393171472927012,0.30200400381164094,8.46615216391115
blocks_5,126,5,0.00010958904109589041,0.4,0.00016348763809767347,0.6140480648084863,0.12280961296169726,0.15,False,0.0703200460356393,0.16000000000000003,0.0007393171472927012,0.0,8.46615216391115
blocks_5,127,5,0.00010958904109589041,0.4,0.00016348763809767347,0.6140480648084863,0.12280961296169726,0.15,False,0.0703200460356393,0.16000000000000003,0.0007393171472927012,0.0,8.46615216391115
blocks_5,128,5,0.00010958904109589041,0.4,0.00016348763809767347,0.6140480648084863,0.12280961296169726,0.15,False,0.0703200460356393,0.16000000000000003,0.0007393171472927012,0.0,8.46615216391115
blocks_5,129,5,0.00010958904109589041,0.4,0.00016348763809767347,0.6140480648084863,0.12280961296169726,0.15,False,0.0703200460356393,0.16000000000000003,0.0007393171472927012,0.0,8.46615216391115
blocks_5,130,5,0.00010958904109589041,-0.4,7.345973107239883e-05,0.9160520686201272,0.18321041372402547,0.15,True,0.09182469764127033,0.16000000000000003,0.0011029315797209394,0.30200400381164094,8.768156167722791
blocks_5,131,5,0.00010958904109589041,-0.4,7.345973107239883e-05,0.9160520686201272,0.18321041372402547,0.15,True,0.09182469764127033,0.16000000000000003,0.0011029315797209394,0.0,8.768156167722791
blocks_5,132,5,0.00010958904109589041,-0.4,7.345973107239883e-05,0.9160520686201272,0.18321041372402547,0.15,True,0.09182469764127033,0.16000000000000003,0.0011029315797209394,0.0,8.768156167722791
blocks_5,133,5,0.00010958904109589041,-0.4,7.345973107239883e-05,0.9160520686201272,0.18321041372402547,0.15,True,0.09182469764127033,0.16000000000000003,0.0011029315797209394,0.0,8.768156167722791
blocks_5,134,5,0.00010958904109589041,-0.4,7.345973107239883e-05,0.9160520686201272,0.18321041372402547,0.15,True,0.09182469764127033,0.16000000000000003,0.0011029315797209394,0.0,8.768156167722791
blocks_5,135,5,0.00010958904109589041,0.4,0.00016348763809767347,0.6140480648084863,0.12280961296169726,0.15,False,0.0703200460356393,0.16000000000000003,0.0007393171472927012,0.30200400381164094,9.070160171534432
blocks_5,136,5,0.00010958904109589041,0.4,0.00016348763809767347,0.6140480648084863,0.12280961296169726,0.15,False,0.0703200460356393,0.16000000000000003,0.0007393171472927012,0.0,9.070160171534432
blocks_5,137,5,0.00010958904109589041,0.4,0.00016348763809767347,0.6140480648084863,0.12280961296169726,0.15,False,0.0703200460356393,0.16000000000000003,0.0007393171472927012,0.0,9.070160171534432
blocks_5,138,5,0.00010958904109589041,0.4,0.00016348763809767347,0.6140480648084863,0.12280961296169726,0.15,False,0.0703200460356393,0.16000000000000003,0.0007393171472927012,0.0,9.070160171534432
blocks_5,139,5,0.00010958904109589041,0.4,0.00016348763809767347,0.6140480648084863,0.12280961296169726,0.15,False,0.0703200460356393,0.16000000000000003,0.0007393171472927012,0.0,9.070160171534432
blocks_5,140,5,0.00010958904109589041,-0.4,7.345973107239883e-05,0.9160520686201272,0.18321041372402547,0.15,True,0.09182469764127033,0.16000000000000003,0.0011029315797209394,0.30200400381164094,9.372164175346073
blocks_5,141,5,0.00010958904109589041,-0.4,7.345973107239883e-05,0.9160520686201272,0.18321041372402547,0.15,True,0.09182469764127033,0.16000000000000003,0.0011029315797209394,0.0,9.372164175346073
blocks_5,142,5,0.00010958904109589041,-0.4,7.345973107239883e-05,0.9160520686201272,0.18321041372402547,0.15,True,0.09182469764127033,0.16000000000000003,0.0011029315797209394,0.0,9.372164175346073
blocks_5,143,5,0.00010958904109589041,-0.4,7.345973107239883e-05,0.9160520686201272,0.18321041372402547,0.15,True,0.09182469764127033,0.16000000000000003,0.0011029315797209394,0.0,9.372164175346073
blocks_5,144,5,0.00010958904109589041,-0.4,7.345973107239883e-05,0.9160520686201272,0.18321041372402547,0.15,True,0.09182469764127033,0.16000000000000003,0.0011029315797209394,0.0,9.372164175346073
blocks_5,145,5,0.00010958904109589041,0.4,0.00016348763809767347,0.6140480648084863,0.12280961296169726,0.15,False,0.0703200460356393,0.16000000000000003,0.0007393171472927012,0.30200400381164094,9.674168179157714
blocks_5,146,5,0.00010958904109589041,0.4,0.00016348763809767347,0.6140480648084863,0.12280961296169726,0.15,False,0.0703200460356393,0.16000000000000003,0.0007393171472927012,0.0,9.674168179157714
blocks_5,147,5,0.00010958904109589041,0.4,0.00016348763809767347,0.6140480648084863,0.12280961296169726,0.15,False,0.0703200460356393,0.16000000000000003,0.0007393171472927012,0.0,9.674168179157714
blocks_5,148,5,0.00010958904109589041,0.4,0.00016348763809767347,0.6140480648084863,0.12280961296169726,0.15,False,0.0703200460356393,0.16000000000000003,0.0007393171472927012,0.0,9.674168179157714
blocks_5,149,5,0.00010958904109589041,0.4,0.00016348763809767347,0.6140480648084863,0.12280961296169726,0.15,False,0.0703200460356393,0.16000000000000003,0.0007393171472927012,0.0,9.674168179157714
blocks_5,150,5,0.00010958904109589041,-0.4,7.345973107239883e-05,0.9160520686201272,0.18321041372402547,0.15,True,0.09182469764127033,0.16000000000000003,0.0011029315797209394,0.30200400381164094,9.976172182969355
blocks_5,151,5,0.00010958904109589041,-0.4,7.345973107239883e-05,0.9160520686201272,0.18321041372402547,0.15,True,0.09182469764127033,0.16000000000000003,0.0011029315797209394,0.0,9.976172182969355
blocks_5,152,5,0.00010958904109589041,-0.4,7.345973107239883e-05,0.9160520686201272,0.18321041372402547,0.15,True,0.09182469764127033,0.16000000000000003,0.0011029315797209394,0.0,9.976172182969355
blocks_5,153,5,0.00010958904109589041,-0.4,7.345973107239883e-05,0.9160520686201272,0.18321041372402547,0.15,True,0.09182469764127033,0.16000000000000003,0.0011029315797209394,0.0,9.976172182969355
blocks_5,154,5,0.00010958904109589041,-0.4,7.345973107239883e-05,0.9160520686201272,0.18321041372402547,0.15,True,0.09182469764127033,0.16000000000000003,0.0011029315797209394,0.0,9.976172182969355
blocks_5,155,5,0.00010958904109589041,0.4,0.00016348763809767347,0.6140480648084863,0.12280961296169726,0.15,False,0.0703200460356393,0.16000000000000003,0.0007393171472927012,0.30200400381164094,10.278176186780996
blocks_5,156,5,0.00010958904109589041,0.4,0.00016348763809767347,0.6140480648084863,0.12280961296169726,0.15,False,0.0703200460356393,0.16000000000000003,0.0007393171472927012,0.0,10.278176186780996
blocks_5,157,5,0.00010958904109589041,0.4,0.00016348763809767347,0.6140480648084863,0.12280961296169726,0.15,False,0.0703200460356393,0.16000000000000003,0.0007393171472927012,0.0,10.278176186780996
blocks_5,158,5,0.00010958904109589041,0.4,0.00016348763809767347,0.6140480648084863,0.12280961296169726,0.15,False,0.0703200460356393,0.16000000000000003,0.0007393171472927012,0.0,10.278176186780996
blocks_5,159,5,0.00010958904109589041,0.4,0.00016348763809767347,0.6140480648084863,0.12280961296169726,0.15,False,0.0703200460356393,0.16000000000000003,0.0007393171472927012,0.0,10.278176186780996
blocks_5,160,5,0.00010958904109589041,-0.4,7.345973107239883e-05,0.9160520686201272,0.18321041372402547,0.15,True,0.09182469764127033,0.16000000000000003,0.0011029315797209394,0.30200400381164094,10.580180190592637
blocks_5,161,5,0.00010958904109589041,-0.4,7.345973107239883e-05,0.9160520686201272,0.18321041372402547,0.15,True,0.09182469764127033,0.16000000000000003,0.0011029315797209394,0.0,10.580180190592637
blocks_5,162,5,0.00010958904109589041,-0.4,7.345973107239883e-05,0.9160520686201272,0.18321041372402547,0.15,True,0.09182469764127033,0.16000000000000003,0.0011029315797209394,0.0,10.580180190592637
blocks_5,163,5,0.00010958904109589041,-0.4,7.345973107239883e-05,0.9160520686201272,0.18321041372402547,0.15,True,0.09182469764127033,0.16000000000000003,0.0011029315797209394,0.0,10.580180190592637
blocks_5,164,5,0.00010958904109589041,-0.4,7.345973107239883e-05,0.9160520686201272,0.18321041372402547,0.15,True,0.09182469764127033,0.16000000000000003,0.0011029315797209394,0.0,10.580180190592637
blocks_5,165,5,0.00010958904109589041,0.4,0.00016348763809767347,0.6140480648084863,0.12280961296169726,0.15,False,0.0703200460356393,0.16000000000000003,0.0007393171472927012,0.30200400381164094,10.882184194404278
blocks_5,166,5,0.00010958904109589041,0.4,0.00016348763809767347,0.6140480648084863,0.12280961296169726,0.15,False,0.0703200460356393,0.16000000000000003,0.0007393171472927012,0.0,10.882184194404278
blocks_5,167,5,0.00010958904109589041,0.4,0.00016348763809767347,0.6140480648084863,0.12280961296169726,0.15,False,0.0703200460356393,0.16000000000000003,0.0007393171472927012,0.0,10.882184194404278
blocks_5,168,5,0.00010958904109589041,0.4,0.00016348763809767347,0.6140480648084863,0.12280961296169726,0.15,False,0.0703200460356393,0.16000000000000003,0.0007393171472927012,0.0,10.882184194404278
blocks_5,169,5,0.00010958904109589041,0.4,0.00016348763809767347,0.6140480648084863,0.12280961296169726,0.15,False,0.0703200460356393,0.16000000000000003,0.0007393171472927012,0.0,10.882184194404278
blocks_5,170,5,0.00010958904109589041,-0.4,7.345973107239883e-05,0.9160520686201272,0.18321041372402547,0.15,True,0.09182469764127033,0.16000000000000003,0.0011029315797209394,0.30200400381164094,11.184188198215919
blocks_5,171,5,0.00010958904109589041,-0.4,7.345973107239883e-05,0.9160520686201272,0.18321041372402547,0.15,True,0.09182469764127033,0.16000000000000003,0.0011029315797209394,0.0,11.184188198215919
blocks_5,172,5,0.00010958904109589041,-0.4,7.345973107239883e-05,0.9160520686201272,0.18321041372402547,0.15,True,0.09182469764127033,0.16000000000000003,0.0011029315797209394,0.0,11.184188198215919
blocks_5,173,5,0.00010958904109589041,-0.4,7.345973107239883e-05,0.9160520686201272,0.18321041372402547,0.15,True,0.09182469764127033,0.16000000000000003,0.0011029315797209394,0.0,11.184188198215919
blocks_5,174,5,0.00010958904109589041,-0.4,7.345973107239883e-05,0.9160520686201272,0.18321041372402547,0.15,True,0.09182469764127033,0.16000000000000003,0.0011029315797209394,0.0,11.184188198215919
blocks_5,175,5,0.00010958904109589041,0.4,0.00016348763809767347,0.6140480648084863,0.12280961296169726,0.15,False,0.0703200460356393,0.16000000000000003,0.0007393171472927012,0.30200400381164094,11.48619220202756
blocks_5,176,5,0.00010958904109589041,0.4,0.00016348763809767347,0.6140480648084863,0.12280961296169726,0.15,False,0.0703200460356393,0.16000000000000003,0.0007393171472927012,0.0,11.48619220202756
blocks_5,177,5,0.00010958904109589041,0.4,0.00016348763809767347,0.6140480648084863,0.12280961296169726,0.15,False,0.0703200460356393,0.16000000000000003,0.0007393171472927012,0.0,11.48619220202756
blocks_5,178,5,0.00010958904109589041,0.4,0.00016348763809767347,0.6140480648084863,0.12280961296169726,0.15,False,0.0703200460356393,0.16000000000000003,0.0007393171472927012,0.0,11.48619220202756
blocks_5,179,5,0.00010958904109589041,0.4,0.00016348763809767347,0.6140480648084863,0.12280961296169726,0.15,False,0.0703200460356393,0.16000000000000003,0.0007393171472927012,0.0,11.48619220202756
blocks_5,180,5,0.00010958904109589041,-0.4,7.345973107239883e-05,0.9160520686201272,0.18321041372402547,0.15,True,0.09182469764127033,0.16000000000000003,0.0011029315797209394,0.30200400381164094,11.788196205839201
blocks_5,181,5,0.00010958904109589041,-0.4,7.345973107239883e-05,0.9160520686201272,0.18321041372402547,0.15,True,0.09182469764127033,0.16000000000000003,0.0011029315797209394,0.0,11.788196205839201
blocks_5,182,5,0.00010958904109589041,-0.4,7.345973107239883e-05,0.9160520686201272,0.18321041372402547,0.15,True,0.09182469764127033,0.16000000000000003,0.0011029315797209394,0.0,11.788196205839201
blocks_5,183,5,0.00010958904109589041,-0.4,7.345973107239883e-05,0.9160520686201272,0.18321041372402547,0.15,True,0.09182469764127033,0.16000000000000003,0.0011029315797209394,0.0,11.788196205839201
blocks_5,184,5,0.00010958904109589041,-0.4,7.345973107239883e-05,0.9160520686201272,0.18321041372402547,0.15,True,0.09182469764127033,0.16000000000000003,0.0011029315797209394,0.0,11.788196205839201
blocks_5,185,5,0.00010958904109589041,0.4,0.00016348763809767347,0.6140480648084863,0.12280961296169726,0.15,False,0.0703200460356393,0.16000000000000003,0.0007393171472927012,0.30200400381164094,12.090200209650842
blocks_5,186,5,0.00010958904109589041,0.4,0.00016348763809767347,0.6140480648084863,0.12280961296169726,0.15,False,0.0703200460356393,0.16000000000000003,0.0007393171472927012,0.0,12.090200209650842
blocks_5,187,5,0.00010958904109589041,0.4,0.00016348763809767347,0.6140480648084863,0.12280961296169726,0.15,False,0.0703200460356393,0.16000000000000003,0.0007393171472927012,0.0,12.090200209650842
blocks_5,188,5,0.00010958904109589041,0.4,0.00016348763809767347,0.6140480648084863,0.12280961296169726,0.15,False,0.0703200460356393,0.16000000000000003,0.0007393171472927012,0.0,12.090200209650842
blocks_5,189,5,0.00010958904109589041,0.4,0.00016348763809767347,0.6140480648084863,0.12280961296169726,0.15,False,0.0703200460356393,0.16000000000000003,0.0007393171472927012,0.0,12.090200209650842
blocks_5,190,5,0.00010958904109589041,-0.4,7.345973107239883e-05,0.9160520686201272,0.18321041372402547,0.15,True,0.09182469764127033,0.16000000000000003,0.0011029315797209394,0.30200400381164094,12.392204213462483
blocks_5,191,5,0.00010958904109589041,-0.4,7.345973107239883e-05,0.9160520686201272,0.18321041372402547,0.15,True,0.09182469764127033,0.16000000000000003,0.0011029315797209394,0.0,12.392204213462483
blocks_5,192,5,0.00010958904109589041,-0.4,7.345973107239883e-05,0.9160520686201272,0.18321041372402547,0.15,True,0.09182469764127033,0.16000000000000003,0.0011029315797209394,0.0,12.392204213462483
blocks_5,193,5,0.00010958904109589041,-0.4,7.345973107239883e-05,0.9160520686201272,0.18321041372402547,0.15,True,0.09182469764127033,0.16000000000000003,0.0011029315797209394,0.0,12.392204213462483
blocks_5,194,5,0.00010958904109589041,-0.4,7.345973107239883e-05,0.9160520686201272,0.18321041372402547,0.15,True,0.09182469764127033,0.16000000000000003,0.0011029315797209394,0.0,12.392204213462483
blocks_5,195,5,0.00010958904109589041,0.4,0.00016348763809767347,0.6140480648084863,0.12280961296169726,0.15,False,0.0703200460356393,0.16000000000000003,0.0007393171472927012,0.30200400381164094,12.694208217274124
blocks_5,196,5,0.00010958904109589041,0.4,0.00016348763809767347,0.6140480648084863,0.12280961296169726,0.15,False,0.0703200460356393,0.16000000000000003,0.0007393171472927012,0.0,12.694208217274124
blocks_5,197,5,0.00010958904109589041,0.4,0.00016348763809767347,0.6140480648084863,0.12280961296169726,0.15,False,0.0703200460356393,0.16000000000000003,0.0007393171472927012,0.0,12.694208217274124
blocks_5,198,5,0.00010958904109589041,0.4,0.00016348763809767347,0.6140480648084863,0.12280961296169726,0.15,False,0.0703200460356393,0.16000000000000003,0.0007393171472927012,0.0,12.694208217274124
blocks_5,199,5,0.00010958904109589041,0.4,0.00016348763809767347,0.6140480648084863,0.12280961296169726,0.15,False,0.0703200460356393,0.16000000000000003,0.0007393171472927012,0.0,12.694208217274124
blocks_5,200,5,0.00010958904109589041,-0.4,7.345973107239883e-05,0.9160520686201272,0.18321041372402547,0.15,True,0.09182469764127033,0.16000000000000003,0.0011029315797209394,0.30200400381164094,12.996212221085765
blocks_5,201,5,0.00010958904109589041,-0.4,7.345973107239883e-05,0.9160520686201272,0.18321041372402547,0.15,True,0.09182469764127033,0.16000000000000003,0.0011029315797209394,0.0,12.996212221085765
blocks_5,202,5,0.00010958904109589041,-0.4,7.345973107239883e-05,0.9160520686201272,0.18321041372402547,0.15,True,0.09182469764127033,0.16000000000000003,0.0011029315797209394,0.0,12.996212221085765
blocks_5,203,5,0.00010958904109589041,-0.4,7.345973107239883e-05,0.9160520686201272,0.18321041372402547,0.15,True,0.09182469764127033,0.16000000000000003,0.0011029315797209394,0.0,12.996212221085765
blocks_5,204,5,0.00010958904109589041,-0.4,7.345973107239883e-05,0.9160520686201272,0.18321041372402547,0.15,True,0.09182469764127033,0.16000000000000003,0.0011029315797209394,0.0,12.996212221085765
blocks_5,205,5,0.00010958904109589041,0.4,0.00016348763809767347,0.6140480648084863,0.12280961296169726,0.15,False,0.0703200460356393,0.16000000000000003,0.0007393171472927012,0.30200400381164094,13.298216224897406
blocks_5,206,5,0.00010958904109589041,0.4,0.00016348763809767347,0.6140480648084863,0.12280961296169726,0.15,False,0.0703200460356393,0.16000000000000003,0.0007393171472927012,0.0,13.298216224897406
blocks_5,207,5,0.00010958904109589041,0.4,0.00016348763809767347,0.6140480648084863,0.12280961296169726,0.15,False,0.0703200460356393,0.16000000000000003,0.0007393171472927012,0.0,13.298216224897406
blocks_5,208,5,0.00010958904109589041,0.4,0.00016348763809767347,0.6140480648084863,0.12280961296169726,0.15,False,0.0703200460356393,0.16000000000000003,0.0007393171472927012,0.0,13.298216224897406
blocks_5,209,5,0.00010958904109589041,0.4,0.00016348763809767347,0.6140480648084863,0.12280961296169726,0.15,False,0.0703200460356393,0.16000000000000003,0.0007393171472927012,0.0,13.298216224897406
blocks_5,210,5,0.00010958904109589041,-0.4,7.345973107239883e-05,0.9160520686201272,0.18321041372402547,0.15,True,0.09182469764127033,0.16000000000000003,0.0011029315797209394,0.30200400381164094,13.600220228709047
blocks_5,211,5,0.00010958904109589041,-0.4,7.345973107239883e-05,0.9160520686201272,0.18321041372402547,0.15,True,0.09182469764127033,0.16000000000000003,0.0011029315797209394,0.0,13.600220228709047
blocks_5,212,5,0.00010958904109589041,-0.4,7.345973107239883e-05,0.9160520686201272,0.18321041372402547,0.15,True,0.09182469764127033,0.16000000000000003,0.0011029315797209394,0.0,13.600220228709047
blocks_5,213,5,0.00010958904109589041,-0.4,7.345973107239883e-05,0.9160520686201272,0.18321041372402547,0.15,True,0.09182469764127033,0.16000000000000003,0.0011029315797209394,0.0,13.600220228709047
blocks_5,214,5,0.00010958904109589041,-0.4,7.345973107239883e-05,0.9160520686201272,0.18321041372402547,0.15,True,0.09182469764127033,0.16000000000000003,0.0011029315797209394,0.0,13.600220228709047
blocks_5,215,5,0.00010958904109589041,0.4,0.00016348763809767347,0.6140480648084863,0.12280961296169726,0.15,False,0.0703200460356393,0.16000000000000003,0.0007393171472927012,0.30200400381164094,13.902224232520688
blocks_5,216,5,0.00010958904109589041,0.4,0.00016348763809767347,0.6140480648084863,0.12280961296169726,0.15,False,0.0703200460356393,0.16000000000000003,0.0007393171472927012,0.0,13.902224232520688
blocks_5,217,5,0.00010958904109589041,0.4,0.00016348763809767347,0.6140480648084863,0.12280961296169726,0.15,False,0.0703200460356393,0.16000000000000003,0.0007393171472927012,0.0,13.902224232520688
blocks_5,218,5,0.00010958904109589041,0.4,0.00016348763809767347,0.6140480648084863,0.12280961296169726,0.15,False,0.0703200460356393,0.16000000000000003,0.0007393171472927012,0.0,13.902224232520688
blocks_5,219,5,0.00010958904109589041,0.4,0.00016348763809767347,0.6140480648084863,0.12280961296169726,0.15,False,0.0703200460356393,0.16000000000000003,0.0007393171472927012,0.0,13.902224232520688
blocks_5,220,5,0.00010958904109589041,-0.4,7.345973107239883e-05,0.9160520686201272,0.18321041372402547,0.15,True,0.09182469764127033,0.16000000000000003,0.0011029315797209394,0.30200400381164094,14.204228236332328
blocks_5,221,5,0.00010958904109589041,-0.4,7.345973107239883e-05,0.9160520686201272,0.18321041372402547,0.15,True,0.09182469764127033,0.16000000000000003,0.0011029315797209394,0.0,14.204228236332328
blocks_5,222,5,0.00010958904109589041,-0.4,7.345973107239883e-05,0.9160520686201272,0.18321041372402547,0.15,True,0.09182469764127033,0.16000000000000003,0.0011029315797209394,0.0,14.204228236332328
blocks_5,223,5,0.00010958904109589041,-0.4,7.345973107239883e-05,0.9160520686201272,0.18321041372402547,0.15,True,0.09182469764127033,0.16000000000000003,0.0011029315797209394,0.0,14.204228236332328
blocks_5,224,5,0.00010958904109589041,-0.4,7.345973107239883e-05,0.9160520686201272,0.18321041372402547,0.15,True,0.09182469764127033,0.16000000000000003,0.0011029315797209394,0.0,14.204228236332328
blocks_5,225,5,0.00010958904109589041,0.4,0.00016348763809767347,0.6140480648084863,0.12280961296169726,0.15,False,0.0703200460356393,0.16000000000000003,0.0007393171472927012,0.30200400381164094,14.50623224014397
blocks_5,226,5,0.00010958904109589041,0.4,0.00016348763809767347,0.6140480648084863,0.12280961296169726,0.15,False,0.0703200460356393,0.16000000000000003,0.0007393171472927012,0.0,14.50623224014397
blocks_5,227,5,0.00010958904109589041,0.4,0.00016348763809767347,0.6140480648084863,0.12280961296169726,0.15,False,0.0703200460356393,0.16000000000000003,0.0007393171472927012,0.0,14.50623224014397
blocks_5,228,5,0.00010958904109589041,0.4,0.00016348763809767347,0.6140480648084863,0.12280961296169726,0.15,False,0.0703200460356393,0.16000000000000003,0.0007393171472927012,0.0,14.50623224014397
blocks_5,229,5,0.00010958904109589041,0.4,0.00016348763809767347,0.6140480648084863,0.12280961296169726,0.15,False,0.0703200460356393,0.16000000000000003,0.0007393171472927012,0.0,14.50623224014397
blocks_5,230,5,0.00010958904109589041,-0.4,7.345973107239883e-05,0.9160520686201272,0.18321041372402547,0.15,True,0.09182469764127033,0.16000000000000003,0.0011029315797209394,0.30200400381164094,14.80823624395561
blocks_5,231,5,0.00010958904109589041,-0.4,7.345973107239883e-05,0.9160520686201272,0.18321041372402547,0.15,True,0.09182469764127033,0.16000000000000003,0.0011029315797209394,0.0,14.80823624395561
blocks_5,232,5,0.00010958904109589041,-0.4,7.345973107239883e-05,0.9160520686201272,0.18321041372402547,0.15,True,0.09182469764127033,0.16000000000000003,0.0011029315797209394,0.0,14.80823624395561
blocks_5,233,5,0.00010958904109589041,-0.4,7.345973107239883e-05,0.9160520686201272,0.18321041372402547,0.15,True,0.09182469764127033,0.16000000000000003,0.0011029315797209394,0.0,14.80823624395561
blocks_5,234,5,0.00010958904109589041,-0.4,7.345973107239883e-05,0.9160520686201272,0.18321041372402547,0.15,True,0.09182469764127033,0.16000000000000003,0.0011029315797209394,0.0,14.80823624395561
blocks_5,235,5,0.00010958904109589041,0.4,0.00016348763809767347,0.6140480648084863,0.12280961296169726,0.15,False,0.0703200460356393,0.16000000000000003,0.0007393171472927012,0.30200400381164094,15.110240247767251
blocks_5,236,5,0.00010958904109589041,0.4,0.00016348763809767347,0.6140480648084863,0.12280961296169726,0.15,False,0.0703200460356393,0.16000000000000003,0.0007393171472927012,0.0,15.110240247767251
blocks_5,237,5,0.00010958904109589041,0.4,0.00016348763809767347,0.6140480648084863,0.12280961296169726,0.15,False,0.0703200460356393,0.16000000000000003,0.0007393171472927012,0.0,15.110240247767251
blocks_5,238,5,0.00010958904109589041,0.4,0.00016348763809767347,0.6140480648084863,0.12280961296169726,0.15,False,0.0703200460356393,0.16000000000000003,0.0007393171472927012,0.0,15.110240247767251
blocks_5,239,5,0.00010958904109589041,0.4,0.00016348763809767347,0.6140480648084863,0.12280961296169726,0.15,False,0.0703200460356393,0.16000000000000003,0.0007393171472927012,0.0,15.110240247767251
blocks_20,0,20,0.00010958904109589041,-0.4,7.345973107239883e-05,0.9160520686201272,0.18321041372402547,0.15,True,0.09182469764127033,0.16000000000000003,0.0011029315797209394,0.9160520686201272,0.9160520686201272
blocks_20,1,20,0.00010958904109589041,-0.4,7.345973107239883e-05,0.9160520686201272,0.18321041372402547,0.15,True,0.09182469764127033,0.16000000000000003,0.0011029315797209394,0.0,0.9160520686201272
blocks_20,2,20,0.00010958904109589041,-0.4,7.345973107239883e-05,0.9160520686201272,0.18321041372402547,0.15,True,0.09182469764127033,0.16000000000000003,0.0011029315797209394,0.0,0.9160520686201272
blocks_20,3,20,0.00010958904109589041,-0.4,7.345973107239883e-05,0.9160520686201272,0.18321041372402547,0.15,True,0.09182469764127033,0.16000000000000003,0.0011029315797209394,0.0,0.9160520686201272
blocks_20,4,20,0.00010958904109589041,-0.4,7.345973107239883e-05,0.9160520686201272,0.18321041372402547,0.15,True,0.09182469764127033,0.16000000000000003,0.0011029315797209394,0.0,0.9160520686201272
blocks_20,5,20,0.00010958904109589041,-0.4,7.345973107239883e-05,0.9160520686201272,0.18321041372402547,0.15,True,0.09182469764127033,0.16000000000000003,0.0011029315797209394,0.0,0.9160520686201272
blocks_20,6,20,0.00010958904109589041,-0.4,7.345973107239883e-05,0.9160520686201272,0.18321041372402547,0.15,True,0.09182469764127033,0.16000000000000003,0.0011029315797209394,0.0,0.9160520686201272
blocks_20,7,20,0.00010958904109589041,-0.4,7.345973107239883e-05,0.9160520686201272,0.18321041372402547,0.15,True,0.09182469764127033,0.16000000000000003,0.0011029315797209394,0.0,0.9160520686201272
blocks_20,8,20,0.00010958904109589041,-0.4,7.345973107239883e-05,0.9160520686201272,0.18321041372402547,0.15,True,0.09182469764127033,0.16000000000000003,0.0011029315797209394,0.0,0.9160520686201272
blocks_20,9,20,0.00010958904109589041,-0.4,7.345973107239883e-05,0.9160520686201272,0.18321041372402547,0.15,True,0.09182469764127033,0.16000000000000003,0.0011029315797209394,0.0,0.9160520686201272
blocks_20,10,20,0.00010958904109589041,-0.4,7.345973107239883e-05,0.9160520686201272,0.18321041372402547,0.15,True,0.09182469764127033,0.16000000000000003,0.0011029315797209394,0.0,0.9160520686201272
blocks_20,11,20,0.00010958904109589041,-0.4,7.345973107239883e-05,0.9160520686201272,0.18321041372402547,0.15,True,0.09182469764127033,0.16000000000000003,0.0011029315797209394,0.0,0.9160520686201272
blocks_20,12,20,0.00010958904109589041,-0.4,7.345973107239883e-05,0.9160520686201272,0.18321041372402547,0.15,True,0.09182469764127033,0.16000000000000003,0.0011029315797209394,0.0,0.9160520686201272
blocks_20,13,20,0.00010958904109589041,-0.4,7.345973107239883e-05,0.9160520686201272,0.18321041372402547,0.15,True,0.09182469764127033,0.16000000000000003,0.0011029315797209394,0.0,0.9160520686201272
blocks_20,14,20,0.00010958904109589041,-0.4,7.345973107239883e-05,0.9160520686201272,0.18321041372402547,0.15,True,0.09182469764127033,0.16000000000000003,0.0011029315797209394,0.0,0.9160520686201272
blocks_20,15,20,0.00010958904109589041,-0.4,7.345973107239883e-05,0.9160520686201272,0.18321041372402547,0.15,True,0.09182469764127033,0.16000000000000003,0.0011029315797209394,0.0,0.9160520686201272
blocks_20,16,20,0.00010958904109589041,-0.4,7.345973107239883e-05,0.9160520686201272,0.18321041372402547,0.15,True,0.09182469764127033,0.16000000000000003,0.0011029315797209394,0.0,0.9160520686201272
blocks_20,17,20,0.00010958904109589041,-0.4,7.345973107239883e-05,0.9160520686201272,0.18321041372402547,0.15,True,0.09182469764127033,0.16000000000000003,0.0011029315797209394,0.0,0.9160520686201272
blocks_20,18,20,0.00010958904109589041,-0.4,7.345973107239883e-05,0.9160520686201272,0.18321041372402547,0.15,True,0.09182469764127033,0.16000000000000003,0.0011029315797209394,0.0,0.9160520686201272
blocks_20,19,20,0.00010958904109589041,-0.4,7.345973107239883e-05,0.9160520686201272,0.18321041372402547,0.15,True,0.09182469764127033,0.16000000000000003,0.0011029315797209394,0.0,0.9160520686201272
blocks_20,20,20,0.00010958904109589041,0.4,0.00016348763809767347,0.6140480648084863,0.12280961296169726,0.15,False,0.0703200460356393,0.16000000000000003,0.0007393171472927012,0.30200400381164094,1.2180560724317682
blocks_20,21,20,0.00010958904109589041,0.4,0.00016348763809767347,0.6140480648084863,0.12280961296169726,0.15,False,0.0703200460356393,0.16000000000000003,0.0007393171472927012,0.0,1.2180560724317682
blocks_20,22,20,0.00010958904109589041,0.4,0.00016348763809767347,0.6140480648084863,0.12280961296169726,0.15,False,0.0703200460356393,0.16000000000000003,0.0007393171472927012,0.0,1.2180560724317682
blocks_20,23,20,0.00010958904109589041,0.4,0.00016348763809767347,0.6140480648084863,0.12280961296169726,0.15,False,0.0703200460356393,0.16000000000000003,0.0007393171472927012,0.0,1.2180560724317682
blocks_20,24,20,0.00010958904109589041,0.4,0.00016348763809767347,0.6140480648084863,0.12280961296169726,0.15,False,0.0703200460356393,0.16000000000000003,0.0007393171472927012,0.0,1.2180560724317682
blocks_20,25,20,0.00010958904109589041,0.4,0.00016348763809767347,0.6140480648084863,0.12280961296169726,0.15,False,0.0703200460356393,0.16000000000000003,0.0007393171472927012,0.0,1.2180560724317682
blocks_20,26,20,0.00010958904109589041,0.4,0.00016348763809767347,0.6140480648084863,0.12280961296169726,0.15,False,0.0703200460356393,0.16000000000000003,0.0007393171472927012,0.0,1.2180560724317682
blocks_20,27,20,0.00010958904109589041,0.4,0.00016348763809767347,0.6140480648084863,0.12280961296169726,0.15,False,0.0703200460356393,0.16000000000000003,0.0007393171472927012,0.0,1.2180560724317682
blocks_20,28,20,0.00010958904109589041,0.4,0.00016348763809767347,0.6140480648084863,0.12280961296169726,0.15,False,0.0703200460356393,0.16000000000000003,0.0007393171472927012,0.0,1.2180560724317682
blocks_20,29,20,0.00010958904109589041,0.4,0.00016348763809767347,0.6140480648084863,0.12280961296169726,0.15,False,0.0703200460356393,0.16000000000000003,0.0007393171472927012,0.0,1.2180560724317682
blocks_20,30,20,0.00010958904109589041,0.4,0.00016348763809767347,0.6140480648084863,0.12280961296169726,0.15,False,0.0703200460356393,0.16000000000000003,0.0007393171472927012,0.0,1.2180560724317682
blocks_20,31,20,0.00010958904109589041,0.4,0.00016348763809767347,0.6140480648084863,0.12280961296169726,0.15,False,0.0703200460356393,0.16000000000000003,0.0007393171472927012,0.0,1.2180560724317682
blocks_20,32,20,0.00010958904109589041,0.4,0.00016348763809767347,0.6140480648084863,0.12280961296169726,0.15,False,0.0703200460356393,0.16000000000000003,0.0007393171472927012,0.0,1.2180560724317682
blocks_20,33,20,0.00010958904109589041,0.4,0.00016348763809767347,0.6140480648084863,0.12280961296169726,0.15,False,0.0703200460356393,0.16000000000000003,0.0007393171472927012,0.0,1.2180560724317682
blocks_20,34,20,0.00010958904109589041,0.4,0.00016348763809767347,0.6140480648084863,0.12280961296169726,0.15,False,0.0703200460356393,0.16000000000000003,0.0007393171472927012,0.0,1.2180560724317682
blocks_20,35,20,0.00010958904109589041,0.4,0.00016348763809767347,0.6140480648084863,0.12280961296169726,0.15,False,0.0703200460356393,0.16000000000000003,0.0007393171472927012,0.0,1.2180560724317682
blocks_20,36,20,0.00010958904109589041,0.4,0.00016348763809767347,0.6140480648084863,0.12280961296169726,0.15,False,0.0703200460356393,0.16000000000000003,0.0007393171472927012,0.0,1.2180560724317682
blocks_20,37,20,0.00010958904109589041,0.4,0.00016348763809767347,0.6140480648084863,0.12280961296169726,0.15,False,0.0703200460356393,0.16000000000000003,0.0007393171472927012,0.0,1.2180560724317682
blocks_20,38,20,0.00010958904109589041,0.4,0.00016348763809767347,0.6140480648084863,0.12280961296169726,0.15,False,0.0703200460356393,0.16000000000000003,0.0007393171472927012,0.0,1.2180560724317682
blocks_20,39,20,0.00010958904109589041,0.4,0.00016348763809767347,0.6140480648084863,0.12280961296169726,0.15,False,0.0703200460356393,0.16000000000000003,0.0007393171472927012,0.0,1.2180560724317682
blocks_20,40,20,0.00010958904109589041,-0.4,7.345973107239883e-05,0.9160520686201272,0.18321041372402547,0.15,True,0.09182469764127033,0.16000000000000003,0.0011029315797209394,0.30200400381164094,1.520060076243409
blocks_20,41,20,0.00010958904109589041,-0.4,7.345973107239883e-05,0.9160520686201272,0.18321041372402547,0.15,True,0.09182469764127033,0.16000000000000003,0.0011029315797209394,0.0,1.520060076243409
blocks_20,42,20,0.00010958904109589041,-0.4,7.345973107239883e-05,0.9160520686201272,0.18321041372402547,0.15,True,0.09182469764127033,0.16000000000000003,0.0011029315797209394,0.0,1.520060076243409
blocks_20,43,20,0.00010958904109589041,-0.4,7.345973107239883e-05,0.9160520686201272,0.18321041372402547,0.15,True,0.09182469764127033,0.16000000000000003,0.0011029315797209394,0.0,1.520060076243409
blocks_20,44,20,0.00010958904109589041,-0.4,7.345973107239883e-05,0.9160520686201272,0.18321041372402547,0.15,True,0.09182469764127033,0.16000000000000003,0.0011029315797209394,0.0,1.520060076243409
blocks_20,45,20,0.00010958904109589041,-0.4,7.345973107239883e-05,0.9160520686201272,0.18321041372402547,0.15,True,0.09182469764127033,0.16000000000000003,0.0011029315797209394,0.0,1.520060076243409
blocks_20,46,20,0.00010958904109589041,-0.4,7.345973107239883e-05,0.9160520686201272,0.18321041372402547,0.15,True,0.09182469764127033,0.16000000000000003,0.0011029315797209394,0.0,1.520060076243409
blocks_20,47,20,0.00010958904109589041,-0.4,7.345973107239883e-05,0.9160520686201272,0.18321041372402547,0.15,True,0.09182469764127033,0.16000000000000003,0.0011029315797209394,0.0,1.520060076243409
blocks_20,48,20,0.00010958904109589041,-0.4,7.345973107239883e-05,0.9160520686201272,0.18321041372402547,0.15,True,0.09182469764127033,0.16000000000000003,0.0011029315797209394,0.0,1.520060076243409
blocks_20,49,20,0.00010958904109589041,-0.4,7.345973107239883e-05,0.9160520686201272,0.18321041372402547,0.15,True,0.09182469764127033,0.16000000000000003,0.0011029315797209394,0.0,1.520060076243409
blocks_20,50,20,0.00010958904109589041,-0.4,7.345973107239883e-05,0.9160520686201272,0.18321041372402547,0.15,True,0.09182469764127033,0.16000000000000003,0.0011029315797209394,0.0,1.520060076243409
blocks_20,51,20,0.00010958904109589041,-0.4,7.345973107239883e-05,0.9160520686201272,0.18321041372402547,0.15,True,0.09182469764127033,0.16000000000000003,0.0011029315797209394,0.0,1.520060076243409
blocks_20,52,20,0.00010958904109589041,-0.4,7.345973107239883e-05,0.9160520686201272,0.18321041372402547,0.15,True,0.09182469764127033,0.16000000000000003,0.0011029315797209394,0.0,1.520060076243409
blocks_20,53,20,0.00010958904109589041,-0.4,7.345973107239883e-05,0.9160520686201272,0.18321041372402547,0.15,True,0.09182469764127033,0.16000000000000003,0.0011029315797209394,0.0,1.520060076243409
blocks_20,54,20,0.00010958904109589041,-0.4,7.345973107239883e-05,0.9160520686201272,0.18321041372402547,0.15,True,0.09182469764127033,0.16000000000000003,0.0011029315797209394,0.0,1.520060076243409
blocks_20,55,20,0.00010958904109589041,-0.4,7.345973107239883e-05,0.9160520686201272,0.18321041372402547,0.15,True,0.09182469764127033,0.16000000000000003,0.0011029315797209394,0.0,1.520060076243409
blocks_20,56,20,0.00010958904109589041,-0.4,7.345973107239883e-05,0.9160520686201272,0.18321041372402547,0.15,True,0.09182469764127033,0.16000000000000003,0.0011029315797209394,0.0,1.520060076243409
blocks_20,57,20,0.00010958904109589041,-0.4,7.345973107239883e-05,0.9160520686201272,0.18321041372402547,0.15,True,0.09182469764127033,0.16000000000000003,0.0011029315797209394,0.0,1.520060076243409
blocks_20,58,20,0.00010958904109589041,-0.4,7.345973107239883e-05,0.9160520686201272,0.18321041372402547,0.15,True,0.09182469764127033,0.16000000000000003,0.0011029315797209394,0.0,1.520060076243409
blocks_20,59,20,0.00010958904109589041,-0.4,7.345973107239883e-05,0.9160520686201272,0.18321041372402547,0.15,True,0.09182469764127033,0.16000000000000003,0.0011029315797209394,0.0,1.520060076243409
blocks_20,60,20,0.00010958904109589041,0.4,0.00016348763809767347,0.6140480648084863,0.12280961296169726,0.15,False,0.0703200460356393,0.16000000000000003,0.0007393171472927012,0.30200400381164094,1.82206408005505
blocks_20,61,20,0.00010958904109589041,0.4,0.00016348763809767347,0.6140480648084863,0.12280961296169726,0.15,False,0.0703200460356393,0.16000000000000003,0.0007393171472927012,0.0,1.82206408005505
blocks_20,62,20,0.00010958904109589041,0.4,0.00016348763809767347,0.6140480648084863,0.12280961296169726,0.15,False,0.0703200460356393,0.16000000000000003,0.0007393171472927012,0.0,1.82206408005505
blocks_20,63,20,0.00010958904109589041,0.4,0.00016348763809767347,0.6140480648084863,0.12280961296169726,0.15,False,0.0703200460356393,0.16000000000000003,0.0007393171472927012,0.0,1.82206408005505
blocks_20,64,20,0.00010958904109589041,0.4,0.00016348763809767347,0.6140480648084863,0.12280961296169726,0.15,False,0.0703200460356393,0.16000000000000003,0.0007393171472927012,0.0,1.82206408005505
blocks_20,65,20,0.00010958904109589041,0.4,0.00016348763809767347,0.6140480648084863,0.12280961296169726,0.15,False,0.0703200460356393,0.16000000000000003,0.0007393171472927012,0.0,1.82206408005505
blocks_20,66,20,0.00010958904109589041,0.4,0.00016348763809767347,0.6140480648084863,0.12280961296169726,0.15,False,0.0703200460356393,0.16000000000000003,0.0007393171472927012,0.0,1.82206408005505
blocks_20,67,20,0.00010958904109589041,0.4,0.00016348763809767347,0.6140480648084863,0.12280961296169726,0.15,False,0.0703200460356393,0.16000000000000003,0.0007393171472927012,0.0,1.82206408005505
blocks_20,68,20,0.00010958904109589041,0.4,0.00016348763809767347,0.6140480648084863,0.12280961296169726,0.15,False,0.0703200460356393,0.16000000000000003,0.0007393171472927012,0.0,1.82206408005505
blocks_20,69,20,0.00010958904109589041,0.4,0.00016348763809767347,0.6140480648084863,0.12280961296169726,0.15,False,0.0703200460356393,0.16000000000000003,0.0007393171472927012,0.0,1.82206408005505
blocks_20,70,20,0.00010958904109589041,0.4,0.00016348763809767347,0.6140480648084863,0.12280961296169726,0.15,False,0.0703200460356393,0.16000000000000003,0.0007393171472927012,0.0,1.82206408005505
blocks_20,71,20,0.00010958904109589041,0.4,0.00016348763809767347,0.6140480648084863,0.12280961296169726,0.15,False,0.0703200460356393,0.16000000000000003,0.0007393171472927012,0.0,1.82206408005505
blocks_20,72,20,0.00010958904109589041,0.4,0.00016348763809767347,0.6140480648084863,0.12280961296169726,0.15,False,0.0703200460356393,0.16000000000000003,0.0007393171472927012,0.0,1.82206408005505
blocks_20,73,20,0.00010958904109589041,0.4,0.00016348763809767347,0.6140480648084863,0.12280961296169726,0.15,False,0.0703200460356393,0.16000000000000003,0.0007393171472927012,0.0,1.82206408005505
blocks_20,74,20,0.00010958904109589041,0.4,0.00016348763809767347,0.6140480648084863,0.12280961296169726,0.15,False,0.0703200460356393,0.16000000000000003,0.0007393171472927012,0.0,1.82206408005505
blocks_20,75,20,0.00010958904109589041,0.4,0.00016348763809767347,0.6140480648084863,0.12280961296169726,0.15,False,0.0703200460356393,0.16000000000000003,0.0007393171472927012,0.0,1.82206408005505
blocks_20,76,20,0.00010958904109589041,0.4,0.00016348763809767347,0.6140480648084863,0.12280961296169726,0.15,False,0.0703200460356393,0.16000000000000003,0.0007393171472927012,0.0,1.82206408005505
blocks_20,77,20,0.00010958904109589041,0.4,0.00016348763809767347,0.6140480648084863,0.12280961296169726,0.15,False,0.0703200460356393,0.16000000000000003,0.0007393171472927012,0.0,1.82206408005505
blocks_20,78,20,0.00010958904109589041,0.4,0.00016348763809767347,0.6140480648084863,0.12280961296169726,0.15,False,0.0703200460356393,0.16000000000000003,0.0007393171472927012,0.0,1.82206408005505
blocks_20,79,20,0.00010958904109589041,0.4,0.00016348763809767347,0.6140480648084863,0.12280961296169726,0.15,False,0.0703200460356393,0.16000000000000003,0.0007393171472927012,0.0,1.82206408005505
blocks_20,80,20,0.00010958904109589041,-0.4,7.345973107239883e-05,0.9160520686201272,0.18321041372402547,0.15,True,0.09182469764127033,0.16000000000000003,0.0011029315797209394,0.30200400381164094,2.1240680838666908
blocks_20,81,20,0.00010958904109589041,-0.4,7.345973107239883e-05,0.9160520686201272,0.18321041372402547,0.15,True,0.09182469764127033,0.16000000000000003,0.0011029315797209394,0.0,2.1240680838666908
blocks_20,82,20,0.00010958904109589041,-0.4,7.345973107239883e-05,0.9160520686201272,0.18321041372402547,0.15,True,0.09182469764127033,0.16000000000000003,0.0011029315797209394,0.0,2.1240680838666908
blocks_20,83,20,0.00010958904109589041,-0.4,7.345973107239883e-05,0.9160520686201272,0.18321041372402547,0.15,True,0.09182469764127033,0.16000000000000003,0.0011029315797209394,0.0,2.1240680838666908
blocks_20,84,20,0.00010958904109589041,-0.4,7.345973107239883e-05,0.9160520686201272,0.18321041372402547,0.15,True,0.09182469764127033,0.16000000000000003,0.0011029315797209394,0.0,2.1240680838666908
blocks_20,85,20,0.00010958904109589041,-0.4,7.345973107239883e-05,0.9160520686201272,0.18321041372402547,0.15,True,0.09182469764127033,0.16000000000000003,0.0011029315797209394,0.0,2.1240680838666908
blocks_20,86,20,0.00010958904109589041,-0.4,7.345973107239883e-05,0.9160520686201272,0.18321041372402547,0.15,True,0.09182469764127033,0.16000000000000003,0.0011029315797209394,0.0,2.1240680838666908
blocks_20,87,20,0.00010958904109589041,-0.4,7.345973107239883e-05,0.9160520686201272,0.18321041372402547,0.15,True,0.09182469764127033,0.16000000000000003,0.0011029315797209394,0.0,2.1240680838666908
blocks_20,88,20,0.00010958904109589041,-0.4,7.345973107239883e-05,0.9160520686201272,0.18321041372402547,0.15,True,0.09182469764127033,0.16000000000000003,0.0011029315797209394,0.0,2.1240680838666908
blocks_20,89,20,0.00010958904109589041,-0.4,7.345973107239883e-05,0.9160520686201272,0.18321041372402547,0.15,True,0.09182469764127033,0.16000000000000003,0.0011029315797209394,0.0,2.1240680838666908
blocks_20,90,20,0.00010958904109589041,-0.4,7.345973107239883e-05,0.9160520686201272,0.18321041372402547,0.15,True,0.09182469764127033,0.16000000000000003,0.0011029315797209394,0.0,2.1240680838666908
blocks_20,91,20,0.00010958904109589041,-0.4,7.345973107239883e-05,0.9160520686201272,0.18321041372402547,0.15,True,0.09182469764127033,0.16000000000000003,0.0011029315797209394,0.0,2.1240680838666908
blocks_20,92,20,0.00010958904109589041,-0.4,7.345973107239883e-05,0.9160520686201272,0.18321041372402547,0.15,True,0.09182469764127033,0.16000000000000003,0.0011029315797209394,0.0,2.1240680838666908
blocks_20,93,20,0.00010958904109589041,-0.4,7.345973107239883e-05,0.9160520686201272,0.18321041372402547,0.15,True,0.09182469764127033,0.16000000000000003,0.0011029315797209394,0.0,2.1240680838666908
blocks_20,94,20,0.00010958904109589041,-0.4,7.345973107239883e-05,0.9160520686201272,0.18321041372402547,0.15,True,0.09182469764127033,0.16000000000000003,0.0011029315797209394,0.0,2.1240680838666908
blocks_20,95,20,0.00010958904109589041,-0.4,7.345973107239883e-05,0.9160520686201272,0.18321041372402547,0.15,True,0.09182469764127033,0.16000000000000003,0.0011029315797209394,0.0,2.1240680838666908
blocks_20,96,20,0.00010958904109589041,-0.4,7.345973107239883e-05,0.9160520686201272,0.18321041372402547,0.15,True,0.09182469764127033,0.16000000000000003,0.0011029315797209394,0.0,2.1240680838666908
blocks_20,97,20,0.00010958904109589041,-0.4,7.345973107239883e-05,0.9160520686201272,0.18321041372402547,0.15,True,0.09182469764127033,0.16000000000000003,0.0011029315797209394,0.0,2.1240680838666908
blocks_20,98,20,0.00010958904109589041,-0.4,7.345973107239883e-05,0.9160520686201272,0.18321041372402547,0.15,True,0.09182469764127033,0.16000000000000003,0.0011029315797209394,0.0,2.1240680838666908
blocks_20,99,20,0.00010958904109589041,-0.4,7.345973107239883e-05,0.9160520686201272,0.18321041372402547,0.15,True,0.09182469764127033,0.16000000000000003,0.0011029315797209394,0.0,2.1240680838666908
blocks_20,100,20,0.00010958904109589041,0.4,0.00016348763809767347,0.6140480648084863,0.12280961296169726,0.15,False,0.0703200460356393,0.16000000000000003,0.0007393171472927012,0.30200400381164094,2.4260720876783317
blocks_20,101,20,0.00010958904109589041,0.4,0.00016348763809767347,0.6140480648084863,0.12280961296169726,0.15,False,0.0703200460356393,0.16000000000000003,0.0007393171472927012,0.0,2.4260720876783317
blocks_20,102,20,0.00010958904109589041,0.4,0.00016348763809767347,0.6140480648084863,0.12280961296169726,0.15,False,0.0703200460356393,0.16000000000000003,0.0007393171472927012,0.0,2.4260720876783317
blocks_20,103,20,0.00010958904109589041,0.4,0.00016348763809767347,0.6140480648084863,0.12280961296169726,0.15,False,0.0703200460356393,0.16000000000000003,0.0007393171472927012,0.0,2.4260720876783317
blocks_20,104,20,0.00010958904109589041,0.4,0.00016348763809767347,0.6140480648084863,0.12280961296169726,0.15,False,0.0703200460356393,0.16000000000000003,0.0007393171472927012,0.0,2.4260720876783317
blocks_20,105,20,0.00010958904109589041,0.4,0.00016348763809767347,0.6140480648084863,0.12280961296169726,0.15,False,0.0703200460356393,0.16000000000000003,0.0007393171472927012,0.0,2.4260720876783317
blocks_20,106,20,0.00010958904109589041,0.4,0.00016348763809767347,0.6140480648084863,0.12280961296169726,0.15,False,0.0703200460356393,0.16000000000000003,0.0007393171472927012,0.0,2.4260720876783317
blocks_20,107,20,0.00010958904109589041,0.4,0.00016348763809767347,0.6140480648084863,0.12280961296169726,0.15,False,0.0703200460356393,0.16000000000000003,0.0007393171472927012,0.0,2.4260720876783317
blocks_20,108,20,0.00010958904109589041,0.4,0.00016348763809767347,0.6140480648084863,0.12280961296169726,0.15,False,0.0703200460356393,0.16000000000000003,0.0007393171472927012,0.0,2.4260720876783317
blocks_20,109,20,0.00010958904109589041,0.4,0.00016348763809767347,0.6140480648084863,0.12280961296169726,0.15,False,0.0703200460356393,0.16000000000000003,0.0007393171472927012,0.0,2.4260720876783317
blocks_20,110,20,0.00010958904109589041,0.4,0.00016348763809767347,0.6140480648084863,0.12280961296169726,0.15,False,0.0703200460356393,0.16000000000000003,0.0007393171472927012,0.0,2.4260720876783317
blocks_20,111,20,0.00010958904109589041,0.4,0.00016348763809767347,0.6140480648084863,0.12280961296169726,0.15,False,0.0703200460356393,0.16000000000000003,0.0007393171472927012,0.0,2.4260720876783317
blocks_20,112,20,0.00010958904109589041,0.4,0.00016348763809767347,0.6140480648084863,0.12280961296169726,0.15,False,0.0703200460356393,0.16000000000000003,0.0007393171472927012,0.0,2.4260720876783317
blocks_20,113,20,0.00010958904109589041,0.4,0.00016348763809767347,0.6140480648084863,0.12280961296169726,0.15,False,0.0703200460356393,0.16000000000000003,0.0007393171472927012,0.0,2.4260720876783317
blocks_20,114,20,0.00010958904109589041,0.4,0.00016348763809767347,0.6140480648084863,0.12280961296169726,0.15,False,0.0703200460356393,0.16000000000000003,0.0007393171472927012,0.0,2.4260720876783317
blocks_20,115,20,0.00010958904109589041,0.4,0.00016348763809767347,0.6140480648084863,0.12280961296169726,0.15,False,0.0703200460356393,0.16000000000000003,0.0007393171472927012,0.0,2.4260720876783317
blocks_20,116,20,0.00010958904109589041,0.4,0.00016348763809767347,0.6140480648084863,0.12280961296169726,0.15,False,0.0703200460356393,0.16000000000000003,0.0007393171472927012,0.0,2.4260720876783317
blocks_20,117,20,0.00010958904109589041,0.4,0.00016348763809767347,0.6140480648084863,0.12280961296169726,0.15,False,0.0703200460356393,0.16000000000000003,0.0007393171472927012,0.0,2.4260720876783317
blocks_20,118,20,0.00010958904109589041,0.4,0.00016348763809767347,0.6140480648084863,0.12280961296169726,0.15,False,0.0703200460356393,0.16000000000000003,0.0007393171472927012,0.0,2.4260720876783317
blocks_20,119,20,0.00010958904109589041,0.4,0.00016348763809767347,0.6140480648084863,0.12280961296169726,0.15,False,0.0703200460356393,0.16000000000000003,0.0007393171472927012,0.0,2.4260720876783317
blocks_20,120,20,0.00010958904109589041,-0.4,7.345973107239883e-05,0.9160520686201272,0.18321041372402547,0.15,True,0.09182469764127033,0.16000000000000003,0.0011029315797209394,0.30200400381164094,2.7280760914899727
blocks_20,121,20,0.00010958904109589041,-0.4,7.345973107239883e-05,0.9160520686201272,0.18321041372402547,0.15,True,0.09182469764127033,0.16000000000000003,0.0011029315797209394,0.0,2.7280760914899727
blocks_20,122,20,0.00010958904109589041,-0.4,7.345973107239883e-05,0.9160520686201272,0.18321041372402547,0.15,True,0.09182469764127033,0.16000000000000003,0.0011029315797209394,0.0,2.7280760914899727
blocks_20,123,20,0.00010958904109589041,-0.4,7.345973107239883e-05,0.9160520686201272,0.18321041372402547,0.15,True,0.09182469764127033,0.16000000000000003,0.0011029315797209394,0.0,2.7280760914899727
blocks_20,124,20,0.00010958904109589041,-0.4,7.345973107239883e-05,0.9160520686201272,0.18321041372402547,0.15,True,0.09182469764127033,0.16000000000000003,0.0011029315797209394,0.0,2.7280760914899727
blocks_20,125,20,0.00010958904109589041,-0.4,7.345973107239883e-05,0.9160520686201272,0.18321041372402547,0.15,True,0.09182469764127033,0.16000000000000003,0.0011029315797209394,0.0,2.7280760914899727
blocks_20,126,20,0.00010958904109589041,-0.4,7.345973107239883e-05,0.9160520686201272,0.18321041372402547,0.15,True,0.09182469764127033,0.16000000000000003,0.0011029315797209394,0.0,2.7280760914899727
blocks_20,127,20,0.00010958904109589041,-0.4,7.345973107239883e-05,0.9160520686201272,0.18321041372402547,0.15,True,0.09182469764127033,0.16000000000000003,0.0011029315797209394,0.0,2.7280760914899727
blocks_20,128,20,0.00010958904109589041,-0.4,7.345973107239883e-05,0.9160520686201272,0.18321041372402547,0.15,True,0.09182469764127033,0.16000000000000003,0.0011029315797209394,0.0,2.7280760914899727
blocks_20,129,20,0.00010958904109589041,-0.4,7.345973107239883e-05,0.9160520686201272,0.18321041372402547,0.15,True,0.09182469764127033,0.16000000000000003,0.0011029315797209394,0.0,2.7280760914899727
blocks_20,130,20,0.00010958904109589041,-0.4,7.345973107239883e-05,0.9160520686201272,0.18321041372402547,0.15,True,0.09182469764127033,0.16000000000000003,0.0011029315797209394,0.0,2.7280760914899727
blocks_20,131,20,0.00010958904109589041,-0.4,7.345973107239883e-05,0.9160520686201272,0.18321041372402547,0.15,True,0.09182469764127033,0.16000000000000003,0.0011029315797209394,0.0,2.7280760914899727
blocks_20,132,20,0.00010958904109589041,-0.4,7.345973107239883e-05,0.9160520686201272,0.18321041372402547,0.15,True,0.09182469764127033,0.16000000000000003,0.0011029315797209394,0.0,2.7280760914899727
blocks_20,133,20,0.00010958904109589041,-0.4,7.345973107239883e-05,0.9160520686201272,0.18321041372402547,0.15,True,0.09182469764127033,0.16000000000000003,0.0011029315797209394,0.0,2.7280760914899727
blocks_20,134,20,0.00010958904109589041,-0.4,7.345973107239883e-05,0.9160520686201272,0.18321041372402547,0.15,True,0.09182469764127033,0.16000000000000003,0.0011029315797209394,0.0,2.7280760914899727
blocks_20,135,20,0.00010958904109589041,-0.4,7.345973107239883e-05,0.9160520686201272,0.18321041372402547,0.15,True,0.09182469764127033,0.16000000000000003,0.0011029315797209394,0.0,2.7280760914899727
blocks_20,136,20,0.00010958904109589041,-0.4,7.345973107239883e-05,0.9160520686201272,0.18321041372402547,0.15,True,0.09182469764127033,0.16000000000000003,0.0011029315797209394,0.0,2.7280760914899727
blocks_20,137,20,0.00010958904109589041,-0.4,7.345973107239883e-05,0.9160520686201272,0.18321041372402547,0.15,True,0.09182469764127033,0.16000000000000003,0.0011029315797209394,0.0,2.7280760914899727
blocks_20,138,20,0.00010958904109589041,-0.4,7.345973107239883e-05,0.9160520686201272,0.18321041372402547,0.15,True,0.09182469764127033,0.16000000000000003,0.0011029315797209394,0.0,2.7280760914899727
blocks_20,139,20,0.00010958904109589041,-0.4,7.345973107239883e-05,0.9160520686201272,0.18321041372402547,0.15,True,0.09182469764127033,0.16000000000000003,0.0011029315797209394,0.0,2.7280760914899727
blocks_20,140,20,0.00010958904109589041,0.4,0.00016348763809767347,0.6140480648084863,0.12280961296169726,0.15,False,0.0703200460356393,0.16000000000000003,0.0007393171472927012,0.30200400381164094,3.0300800953016136
blocks_20,141,20,0.00010958904109589041,0.4,0.00016348763809767347,0.6140480648084863,0.12280961296169726,0.15,False,0.0703200460356393,0.16000000000000003,0.0007393171472927012,0.0,3.0300800953016136
blocks_20,142,20,0.00010958904109589041,0.4,0.00016348763809767347,0.6140480648084863,0.12280961296169726,0.15,False,0.0703200460356393,0.16000000000000003,0.0007393171472927012,0.0,3.0300800953016136
blocks_20,143,20,0.00010958904109589041,0.4,0.00016348763809767347,0.6140480648084863,0.12280961296169726,0.15,False,0.0703200460356393,0.16000000000000003,0.0007393171472927012,0.0,3.0300800953016136
blocks_20,144,20,0.00010958904109589041,0.4,0.00016348763809767347,0.6140480648084863,0.12280961296169726,0.15,False,0.0703200460356393,0.16000000000000003,0.0007393171472927012,0.0,3.0300800953016136
blocks_20,145,20,0.00010958904109589041,0.4,0.00016348763809767347,0.6140480648084863,0.12280961296169726,0.15,False,0.0703200460356393,0.16000000000000003,0.0007393171472927012,0.0,3.0300800953016136
blocks_20,146,20,0.00010958904109589041,0.4,0.00016348763809767347,0.6140480648084863,0.12280961296169726,0.15,False,0.0703200460356393,0.16000000000000003,0.0007393171472927012,0.0,3.0300800953016136
blocks_20,147,20,0.00010958904109589041,0.4,0.00016348763809767347,0.6140480648084863,0.12280961296169726,0.15,False,0.0703200460356393,0.16000000000000003,0.0007393171472927012,0.0,3.0300800953016136
blocks_20,148,20,0.00010958904109589041,0.4,0.00016348763809767347,0.6140480648084863,0.12280961296169726,0.15,False,0.0703200460356393,0.16000000000000003,0.0007393171472927012,0.0,3.0300800953016136
blocks_20,149,20,0.00010958904109589041,0.4,0.00016348763809767347,0.6140480648084863,0.12280961296169726,0.15,False,0.0703200460356393,0.16000000000000003,0.0007393171472927012,0.0,3.0300800953016136
blocks_20,150,20,0.00010958904109589041,0.4,0.00016348763809767347,0.6140480648084863,0.12280961296169726,0.15,False,0.0703200460356393,0.16000000000000003,0.0007393171472927012,0.0,3.0300800953016136
blocks_20,151,20,0.00010958904109589041,0.4,0.00016348763809767347,0.6140480648084863,0.12280961296169726,0.15,False,0.0703200460356393,0.16000000000000003,0.0007393171472927012,0.0,3.0300800953016136
blocks_20,152,20,0.00010958904109589041,0.4,0.00016348763809767347,0.6140480648084863,0.12280961296169726,0.15,False,0.0703200460356393,0.16000000000000003,0.0007393171472927012,0.0,3.0300800953016136
blocks_20,153,20,0.00010958904109589041,0.4,0.00016348763809767347,0.6140480648084863,0.12280961296169726,0.15,False,0.0703200460356393,0.16000000000000003,0.0007393171472927012,0.0,3.0300800953016136
blocks_20,154,20,0.00010958904109589041,0.4,0.00016348763809767347,0.6140480648084863,0.12280961296169726,0.15,False,0.0703200460356393,0.16000000000000003,0.0007393171472927012,0.0,3.0300800953016136
blocks_20,155,20,0.00010958904109589041,0.4,0.00016348763809767347,0.6140480648084863,0.12280961296169726,0.15,False,0.0703200460356393,0.16000000000000003,0.0007393171472927012,0.0,3.0300800953016136
blocks_20,156,20,0.00010958904109589041,0.4,0.00016348763809767347,0.6140480648084863,0.12280961296169726,0.15,False,0.0703200460356393,0.16000000000000003,0.0007393171472927012,0.0,3.0300800953016136
blocks_20,157,20,0.00010958904109589041,0.4,0.00016348763809767347,0.6140480648084863,0.12280961296169726,0.15,False,0.0703200460356393,0.16000000000000003,0.0007393171472927012,0.0,3.0300800953016136
blocks_20,158,20,0.00010958904109589041,0.4,0.00016348763809767347,0.6140480648084863,0.12280961296169726,0.15,False,0.0703200460356393,0.16000000000000003,0.0007393171472927012,0.0,3.0300800953016136
blocks_20,159,20,0.00010958904109589041,0.4,0.00016348763809767347,0.6140480648084863,0.12280961296169726,0.15,False,0.0703200460356393,0.16000000000000003,0.0007393171472927012,0.0,3.0300800953016136
blocks_20,160,20,0.00010958904109589041,-0.4,7.345973107239883e-05,0.9160520686201272,0.18321041372402547,0.15,True,0.09182469764127033,0.16000000000000003,0.0011029315797209394,0.30200400381164094,3.3320840991132545
blocks_20,161,20,0.00010958904109589041,-0.4,7.345973107239883e-05,0.9160520686201272,0.18321041372402547,0.15,True,0.09182469764127033,0.16000000000000003,0.0011029315797209394,0.0,3.3320840991132545
blocks_20,162,20,0.00010958904109589041,-0.4,7.345973107239883e-05,0.9160520686201272,0.18321041372402547,0.15,True,0.09182469764127033,0.16000000000000003,0.0011029315797209394,0.0,3.3320840991132545
blocks_20,163,20,0.00010958904109589041,-0.4,7.345973107239883e-05,0.9160520686201272,0.18321041372402547,0.15,True,0.09182469764127033,0.16000000000000003,0.0011029315797209394,0.0,3.3320840991132545
blocks_20,164,20,0.00010958904109589041,-0.4,7.345973107239883e-05,0.9160520686201272,0.18321041372402547,0.15,True,0.09182469764127033,0.16000000000000003,0.0011029315797209394,0.0,3.3320840991132545
blocks_20,165,20,0.00010958904109589041,-0.4,7.345973107239883e-05,0.9160520686201272,0.18321041372402547,0.15,True,0.09182469764127033,0.16000000000000003,0.0011029315797209394,0.0,3.3320840991132545
blocks_20,166,20,0.00010958904109589041,-0.4,7.345973107239883e-05,0.9160520686201272,0.18321041372402547,0.15,True,0.09182469764127033,0.16000000000000003,0.0011029315797209394,0.0,3.3320840991132545
blocks_20,167,20,0.00010958904109589041,-0.4,7.345973107239883e-05,0.9160520686201272,0.18321041372402547,0.15,True,0.09182469764127033,0.16000000000000003,0.0011029315797209394,0.0,3.3320840991132545
blocks_20,168,20,0.00010958904109589041,-0.4,7.345973107239883e-05,0.9160520686201272,0.18321041372402547,0.15,True,0.09182469764127033,0.16000000000000003,0.0011029315797209394,0.0,3.3320840991132545
blocks_20,169,20,0.00010958904109589041,-0.4,7.345973107239883e-05,0.9160520686201272,0.18321041372402547,0.15,True,0.09182469764127033,0.16000000000000003,0.0011029315797209394,0.0,3.3320840991132545
blocks_20,170,20,0.00010958904109589041,-0.4,7.345973107239883e-05,0.9160520686201272,0.18321041372402547,0.15,True,0.09182469764127033,0.16000000000000003,0.0011029315797209394,0.0,3.3320840991132545
blocks_20,171,20,0.00010958904109589041,-0.4,7.345973107239883e-05,0.9160520686201272,0.18321041372402547,0.15,True,0.09182469764127033,0.16000000000000003,0.0011029315797209394,0.0,3.3320840991132545
blocks_20,172,20,0.00010958904109589041,-0.4,7.345973107239883e-05,0.9160520686201272,0.18321041372402547,0.15,True,0.09182469764127033,0.16000000000000003,0.0011029315797209394,0.0,3.3320840991132545
blocks_20,173,20,0.00010958904109589041,-0.4,7.345973107239883e-05,0.9160520686201272,0.18321041372402547,0.15,True,0.09182469764127033,0.16000000000000003,0.0011029315797209394,0.0,3.3320840991132545
blocks_20,174,20,0.00010958904109589041,-0.4,7.345973107239883e-05,0.9160520686201272,0.18321041372402547,0.15,True,0.09182469764127033,0.16000000000000003,0.0011029315797209394,0.0,3.3320840991132545
blocks_20,175,20,0.00010958904109589041,-0.4,7.345973107239883e-05,0.9160520686201272,0.18321041372402547,0.15,True,0.09182469764127033,0.16000000000000003,0.0011029315797209394,0.0,3.3320840991132545
blocks_20,176,20,0.00010958904109589041,-0.4,7.345973107239883e-05,0.9160520686201272,0.18321041372402547,0.15,True,0.09182469764127033,0.16000000000000003,0.0011029315797209394,0.0,3.3320840991132545
blocks_20,177,20,0.00010958904109589041,-0.4,7.345973107239883e-05,0.9160520686201272,0.18321041372402547,0.15,True,0.09182469764127033,0.16000000000000003,0.0011029315797209394,0.0,3.3320840991132545
blocks_20,178,20,0.00010958904109589041,-0.4,7.345973107239883e-05,0.9160520686201272,0.18321041372402547,0.15,True,0.09182469764127033,0.16000000000000003,0.0011029315797209394,0.0,3.3320840991132545
blocks_20,179,20,0.00010958904109589041,-0.4,7.345973107239883e-05,0.9160520686201272,0.18321041372402547,0.15,True,0.09182469764127033,0.16000000000000003,0.0011029315797209394,0.0,3.3320840991132545
blocks_20,180,20,0.00010958904109589041,0.4,0.00016348763809767347,0.6140480648084863,0.12280961296169726,0.15,False,0.0703200460356393,0.16000000000000003,0.0007393171472927012,0.30200400381164094,3.6340881029248955
blocks_20,181,20,0.00010958904109589041,0.4,0.00016348763809767347,0.6140480648084863,0.12280961296169726,0.15,False,0.0703200460356393,0.16000000000000003,0.0007393171472927012,0.0,3.6340881029248955
blocks_20,182,20,0.00010958904109589041,0.4,0.00016348763809767347,0.6140480648084863,0.12280961296169726,0.15,False,0.0703200460356393,0.16000000000000003,0.0007393171472927012,0.0,3.6340881029248955
blocks_20,183,20,0.00010958904109589041,0.4,0.00016348763809767347,0.6140480648084863,0.12280961296169726,0.15,False,0.0703200460356393,0.16000000000000003,0.0007393171472927012,0.0,3.6340881029248955
blocks_20,184,20,0.00010958904109589041,0.4,0.00016348763809767347,0.6140480648084863,0.12280961296169726,0.15,False,0.0703200460356393,0.16000000000000003,0.0007393171472927012,0.0,3.6340881029248955
blocks_20,185,20,0.00010958904109589041,0.4,0.00016348763809767347,0.6140480648084863,0.12280961296169726,0.15,False,0.0703200460356393,0.16000000000000003,0.0007393171472927012,0.0,3.6340881029248955
blocks_20,186,20,0.00010958904109589041,0.4,0.00016348763809767347,0.6140480648084863,0.12280961296169726,0.15,False,0.0703200460356393,0.16000000000000003,0.0007393171472927012,0.0,3.6340881029248955
blocks_20,187,20,0.00010958904109589041,0.4,0.00016348763809767347,0.6140480648084863,0.12280961296169726,0.15,False,0.0703200460356393,0.16000000000000003,0.0007393171472927012,0.0,3.6340881029248955
blocks_20,188,20,0.00010958904109589041,0.4,0.00016348763809767347,0.6140480648084863,0.12280961296169726,0.15,False,0.0703200460356393,0.16000000000000003,0.0007393171472927012,0.0,3.6340881029248955
blocks_20,189,20,0.00010958904109589041,0.4,0.00016348763809767347,0.6140480648084863,0.12280961296169726,0.15,False,0.0703200460356393,0.16000000000000003,0.0007393171472927012,0.0,3.6340881029248955
blocks_20,190,20,0.00010958904109589041,0.4,0.00016348763809767347,0.6140480648084863,0.12280961296169726,0.15,False,0.0703200460356393,0.16000000000000003,0.0007393171472927012,0.0,3.6340881029248955
blocks_20,191,20,0.00010958904109589041,0.4,0.00016348763809767347,0.6140480648084863,0.12280961296169726,0.15,False,0.0703200460356393,0.16000000000000003,0.0007393171472927012,0.0,3.6340881029248955
blocks_20,192,20,0.00010958904109589041,0.4,0.00016348763809767347,0.6140480648084863,0.12280961296169726,0.15,False,0.0703200460356393,0.16000000000000003,0.0007393171472927012,0.0,3.6340881029248955
blocks_20,193,20,0.00010958904109589041,0.4,0.00016348763809767347,0.6140480648084863,0.12280961296169726,0.15,False,0.0703200460356393,0.16000000000000003,0.0007393171472927012,0.0,3.6340881029248955
blocks_20,194,20,0.00010958904109589041,0.4,0.00016348763809767347,0.6140480648084863,0.12280961296169726,0.15,False,0.0703200460356393,0.16000000000000003,0.0007393171472927012,0.0,3.6340881029248955
blocks_20,195,20,0.00010958904109589041,0.4,0.00016348763809767347,0.6140480648084863,0.12280961296169726,0.15,False,0.0703200460356393,0.16000000000000003,0.0007393171472927012,0.0,3.6340881029248955
blocks_20,196,20,0.00010958904109589041,0.4,0.00016348763809767347,0.6140480648084863,0.12280961296169726,0.15,False,0.0703200460356393,0.16000000000000003,0.0007393171472927012,0.0,3.6340881029248955
blocks_20,197,20,0.00010958904109589041,0.4,0.00016348763809767347,0.6140480648084863,0.12280961296169726,0.15,False,0.0703200460356393,0.16000000000000003,0.0007393171472927012,0.0,3.6340881029248955
blocks_20,198,20,0.00010958904109589041,0.4,0.00016348763809767347,0.6140480648084863,0.12280961296169726,0.15,False,0.0703200460356393,0.16000000000000003,0.0007393171472927012,0.0,3.6340881029248955
blocks_20,199,20,0.00010958904109589041,0.4,0.00016348763809767347,0.6140480648084863,0.12280961296169726,0.15,False,0.0703200460356393,0.16000000000000003,0.0007393171472927012,0.0,3.6340881029248955
blocks_20,200,20,0.00010958904109589041,-0.4,7.345973107239883e-05,0.9160520686201272,0.18321041372402547,0.15,True,0.09182469764127033,0.16000000000000003,0.0011029315797209394,0.30200400381164094,3.9360921067365364
blocks_20,201,20,0.00010958904109589041,-0.4,7.345973107239883e-05,0.9160520686201272,0.18321041372402547,0.15,True,0.09182469764127033,0.16000000000000003,0.0011029315797209394,0.0,3.9360921067365364
blocks_20,202,20,0.00010958904109589041,-0.4,7.345973107239883e-05,0.9160520686201272,0.18321041372402547,0.15,True,0.09182469764127033,0.16000000000000003,0.0011029315797209394,0.0,3.9360921067365364
blocks_20,203,20,0.00010958904109589041,-0.4,7.345973107239883e-05,0.9160520686201272,0.18321041372402547,0.15,True,0.09182469764127033,0.16000000000000003,0.0011029315797209394,0.0,3.9360921067365364
blocks_20,204,20,0.00010958904109589041,-0.4,7.345973107239883e-05,0.9160520686201272,0.18321041372402547,0.15,True,0.09182469764127033,0.16000000000000003,0.0011029315797209394,0.0,3.9360921067365364
blocks_20,205,20,0.00010958904109589041,-0.4,7.345973107239883e-05,0.9160520686201272,0.18321041372402547,0.15,True,0.09182469764127033,0.16000000000000003,0.0011029315797209394,0.0,3.9360921067365364
blocks_20,206,20,0.00010958904109589041,-0.4,7.345973107239883e-05,0.9160520686201272,0.18321041372402547,0.15,True,0.09182469764127033,0.16000000000000003,0.0011029315797209394,0.0,3.9360921067365364
blocks_20,207,20,0.00010958904109589041,-0.4,7.345973107239883e-05,0.9160520686201272,0.18321041372402547,0.15,True,0.09182469764127033,0.16000000000000003,0.0011029315797209394,0.0,3.9360921067365364
blocks_20,208,20,0.00010958904109589041,-0.4,7.345973107239883e-05,0.9160520686201272,0.18321041372402547,0.15,True,0.09182469764127033,0.16000000000000003,0.0011029315797209394,0.0,3.9360921067365364
blocks_20,209,20,0.00010958904109589041,-0.4,7.345973107239883e-05,0.9160520686201272,0.18321041372402547,0.15,True,0.09182469764127033,0.16000000000000003,0.0011029315797209394,0.0,3.9360921067365364
blocks_20,210,20,0.00010958904109589041,-0.4,7.345973107239883e-05,0.9160520686201272,0.18321041372402547,0.15,True,0.09182469764127033,0.16000000000000003,0.0011029315797209394,0.0,3.9360921067365364
blocks_20,211,20,0.00010958904109589041,-0.4,7.345973107239883e-05,0.9160520686201272,0.18321041372402547,0.15,True,0.09182469764127033,0.16000000000000003,0.0011029315797209394,0.0,3.9360921067365364
blocks_20,212,20,0.00010958904109589041,-0.4,7.345973107239883e-05,0.9160520686201272,0.18321041372402547,0.15,True,0.09182469764127033,0.16000000000000003,0.0011029315797209394,0.0,3.9360921067365364
blocks_20,213,20,0.00010958904109589041,-0.4,7.345973107239883e-05,0.9160520686201272,0.18321041372402547,0.15,True,0.09182469764127033,0.16000000000000003,0.0011029315797209394,0.0,3.9360921067365364
blocks_20,214,20,0.00010958904109589041,-0.4,7.345973107239883e-05,0.9160520686201272,0.18321041372402547,0.15,True,0.09182469764127033,0.16000000000000003,0.0011029315797209394,0.0,3.9360921067365364
blocks_20,215,20,0.00010958904109589041,-0.4,7.345973107239883e-05,0.9160520686201272,0.18321041372402547,0.15,True,0.09182469764127033,0.16000000000000003,0.0011029315797209394,0.0,3.9360921067365364
blocks_20,216,20,0.00010958904109589041,-0.4,7.345973107239883e-05,0.9160520686201272,0.18321041372402547,0.15,True,0.09182469764127033,0.16000000000000003,0.0011029315797209394,0.0,3.9360921067365364
blocks_20,217,20,0.00010958904109589041,-0.4,7.345973107239883e-05,0.9160520686201272,0.18321041372402547,0.15,True,0.09182469764127033,0.16000000000000003,0.0011029315797209394,0.0,3.9360921067365364
blocks_20,218,20,0.00010958904109589041,-0.4,7.345973107239883e-05,0.9160520686201272,0.18321041372402547,0.15,True,0.09182469764127033,0.16000000000000003,0.0011029315797209394,0.0,3.9360921067365364
blocks_20,219,20,0.00010958904109589041,-0.4,7.345973107239883e-05,0.9160520686201272,0.18321041372402547,0.15,True,0.09182469764127033,0.16000000000000003,0.0011029315797209394,0.0,3.9360921067365364
blocks_20,220,20,0.00010958904109589041,0.4,0.00016348763809767347,0.6140480648084863,0.12280961296169726,0.15,False,0.0703200460356393,0.16000000000000003,0.0007393171472927012,0.30200400381164094,4.238096110548177
blocks_20,221,20,0.00010958904109589041,0.4,0.00016348763809767347,0.6140480648084863,0.12280961296169726,0.15,False,0.0703200460356393,0.16000000000000003,0.0007393171472927012,0.0,4.238096110548177
blocks_20,222,20,0.00010958904109589041,0.4,0.00016348763809767347,0.6140480648084863,0.12280961296169726,0.15,False,0.0703200460356393,0.16000000000000003,0.0007393171472927012,0.0,4.238096110548177
blocks_20,223,20,0.00010958904109589041,0.4,0.00016348763809767347,0.6140480648084863,0.12280961296169726,0.15,False,0.0703200460356393,0.16000000000000003,0.0007393171472927012,0.0,4.238096110548177
blocks_20,224,20,0.00010958904109589041,0.4,0.00016348763809767347,0.6140480648084863,0.12280961296169726,0.15,False,0.0703200460356393,0.16000000000000003,0.0007393171472927012,0.0,4.238096110548177
blocks_20,225,20,0.00010958904109589041,0.4,0.00016348763809767347,0.6140480648084863,0.12280961296169726,0.15,False,0.0703200460356393,0.16000000000000003,0.0007393171472927012,0.0,4.238096110548177
blocks_20,226,20,0.00010958904109589041,0.4,0.00016348763809767347,0.6140480648084863,0.12280961296169726,0.15,False,0.0703200460356393,0.16000000000000003,0.0007393171472927012,0.0,4.238096110548177
blocks_20,227,20,0.00010958904109589041,0.4,0.00016348763809767347,0.6140480648084863,0.12280961296169726,0.15,False,0.0703200460356393,0.16000000000000003,0.0007393171472927012,0.0,4.238096110548177
blocks_20,228,20,0.00010958904109589041,0.4,0.00016348763809767347,0.6140480648084863,0.12280961296169726,0.15,False,0.0703200460356393,0.16000000000000003,0.0007393171472927012,0.0,4.238096110548177
blocks_20,229,20,0.00010958904109589041,0.4,0.00016348763809767347,0.6140480648084863,0.12280961296169726,0.15,False,0.0703200460356393,0.16000000000000003,0.0007393171472927012,0.0,4.238096110548177
blocks_20,230,20,0.00010958904109589041,0.4,0.00016348763809767347,0.6140480648084863,0.12280961296169726,0.15,False,0.0703200460356393,0.16000000000000003,0.0007393171472927012,0.0,4.238096110548177
blocks_20,231,20,0.00010958904109589041,0.4,0.00016348763809767347,0.6140480648084863,0.12280961296169726,0.15,False,0.0703200460356393,0.16000000000000003,0.0007393171472927012,0.0,4.238096110548177
blocks_20,232,20,0.00010958904109589041,0.4,0.00016348763809767347,0.6140480648084863,0.12280961296169726,0.15,False,0.0703200460356393,0.16000000000000003,0.0007393171472927012,0.0,4.238096110548177
blocks_20,233,20,0.00010958904109589041,0.4,0.00016348763809767347,0.6140480648084863,0.12280961296169726,0.15,False,0.0703200460356393,0.16000000000000003,0.0007393171472927012,0.0,4.238096110548177
blocks_20,234,20,0.00010958904109589041,0.4,0.00016348763809767347,0.6140480648084863,0.12280961296169726,0.15,False,0.0703200460356393,0.16000000000000003,0.0007393171472927012,0.0,4.238096110548177
blocks_20,235,20,0.00010958904109589041,0.4,0.00016348763809767347,0.6140480648084863,0.12280961296169726,0.15,False,0.0703200460356393,0.16000000000000003,0.0007393171472927012,0.0,4.238096110548177
blocks_20,236,20,0.00010958904109589041,0.4,0.00016348763809767347,0.6140480648084863,0.12280961296169726,0.15,False,0.0703200460356393,0.16000000000000003,0.0007393171472927012,0.0,4.238096110548177
blocks_20,237,20,0.00010958904109589041,0.4,0.00016348763809767347,0.6140480648084863,0.12280961296169726,0.15,False,0.0703200460356393,0.16000000000000003,0.0007393171472927012,0.0,4.238096110548177
blocks_20,238,20,0.00010958904109589041,0.4,0.00016348763809767347,0.6140480648084863,0.12280961296169726,0.15,False,0.0703200460356393,0.16000000000000003,0.0007393171472927012,0.0,4.238096110548177
blocks_20,239,20,0.00010958904109589041,0.4,0.00016348763809767347,0.6140480648084863,0.12280961296169726,0.15,False,0.0703200460356393,0.16000000000000003,0.0007393171472927012,0.0,4.238096110548177
